end_station_name,end_lat,end_lng
Amsterdam Ave & W 136 St,40.819746,-73.951819
Halsey St & Tompkins Ave,40.6823687,-73.944118
Meserole Ave & Manhattan Ave,40.72708584,-73.95299117
W 76 St & Columbus Ave,40.7801839724239,-73.97728532552719
Broad St & Bridge St,40.70365182,-74.01167797
Grand Army Plaza & Plaza St West,40.6729679,-73.97087984
W 20 St & 10 Ave,40.745686,-74.005141
Flushing Ave & Woodward Ave,40.71246,-73.91873
W 54 St & 9 Ave,40.76584941,-73.98690506
5 Ave & E 63 St,40.766368,-73.971518
Prospect Ave & Longwood Ave,40.81899,-73.90202
Grand St & Havemeyer St,40.71286844,-73.95698119
Division St & Bowery,40.714193,-73.996732
Greenwich St & Hubert St,40.721319,-74.010065
Cleveland Pl & Spring St,40.722103786686034,-73.99724900722504
W 218 St & Broadway,40.87139,-73.914318
E 56 St & 3 Ave,40.75934501,-73.96759673
E 89 St & York Ave,40.7779453,-73.946041
W 87 St & West End Ave,40.789622,-73.97757
E 85 St & 3 Ave,40.77801203,-73.95407149
1 Ave & E 110 St,40.7923272,-73.9383
W 24 St & 7 Ave,40.74487634,-73.99529885
West End Ave & W 107 St,40.8021174,-73.9681805305
5 Ave & E 103 St,40.7922553,-73.95249933
E 55 St & 2 Ave,40.75797322,-73.96603308
11 Ave & W 27 St,40.751396,-74.005226
2 Ave & E 99 St,40.7862586,-73.94552579
Frederick Douglass Blvd & W 115 St,40.8038654,-73.9559308
Berry St & N 8 St,40.7190095,-73.95852515
Motorgate,40.7639089,-73.9477213
Greene Ave & Throop Ave,40.6894932,-73.942061
Roosevelt Island Tramway,40.757284,-73.9536
E 45 St & 3 Ave,40.75255434,-73.97282625
E 138 St & 5 Av,40.81449,-73.936153
Morris Ave & E 153 St,40.820036,-73.921411
Front St & Jay St,40.702461,-73.986842
E 88 St & 1 Ave,40.778301,-73.9488134
Broadway & W 185 St,40.852538,-73.93441
Adam Clayton Powell Blvd & W 118 St,40.804372,-73.951475
3 Ave & E 174 St,40.84224,-73.8985
St. Nicholas Ave & W 126 St,40.8114323,-73.9518776
St. Nicholas Terrace & Convent Ave,40.821294,-73.947868
E 74 St & 1 Ave,40.7689738,-73.95482273
Morris Ave & E 163 St,40.827230499624726,-73.91765579597632
E 84 St & Park Ave,40.77862688,-73.95772073
W 181 St & Riverside Dr,40.85168,-73.94186
Metropolitan Ave & Bedford Ave,40.71534825,-73.96024116
W 190 St & Broadway,40.85648733523576,-73.93296986818314
Willoughby Ave & Hall St,40.69196035,-73.96536851
Central Park North & Adam Clayton Powell Blvd,40.799484,-73.955613
E 58 St & Madison Ave,40.76302594280519,-73.97209525108337
1 Ave & E 94 St,40.7817212,-73.94594
E 75 St & 3 Ave,40.77112927,-73.95772297
Lawrence St & Willoughby St,40.69236178,-73.98631746
Courtlandt Ave & E 149 St,40.816402,-73.919549
W 110 St & Amsterdam Ave,40.802692,-73.96295
Lafayette Ave & Classon Ave,40.68900443,-73.96023854
Nassau St & Navy St,40.69839895,-73.98068914
11 Ave & W 41 St,40.76030096,-73.99884222
Bergen Ave & E 152 St,40.817166,-73.914737
8 Ave & W 52 St,40.76370739,-73.9851615
Franklin St & W Broadway,40.71911552,-74.00666661
E 4 St & 2 Ave,40.7262807,-73.98978041
Lexington Ave & E 29 St,40.74311555376486,-73.98215353488922
E 93 St & 2 Ave,40.782454175279874,-73.9489196240902
Columbus Ave & W 95 St,40.7919557,-73.968087
Central Park West & W 68 St,40.7734066,-73.97782542
Lafayette Ave & St James Pl,40.68851534,-73.9647628
W 67 St & Broadway,40.77492513,-73.98266566
Clinton St & Union St,40.6831164,-73.99785267
E 35 St & Madison Ave,40.74848023448579,-73.98255586624146
Park Pl & Church St,40.71334184275907,-74.00935515761375
Greene St & Prince St,40.72511734422387,-73.99930492043495
Broadway & Moylan Pl,40.8143256,-73.9590255
Madison St & Montgomery St,40.713126,-73.984844
Crescent St & 34 Ave,40.76108,-73.930562
Riverside Dr & W 153 St,40.832164,-73.949702
Mercer St & Spring St,40.72362738,-73.99949601
Wales Ave & E 147 St,40.811314,-73.907729
51 St & Hobart St,40.75767234025041,-73.90769943594933
Riverside Dr & W 72 St,40.78057799010334,-73.98562431335449
E 40 St & Park Ave,40.750756,-73.978326
Onderdonk Ave & Gates Ave,40.70413,-73.90737
Nevins St & Schermerhorn St,40.68737247650719,-73.98176059126854
Irving Ave & Harman St,40.70108,-73.9179
Pitt St & Stanton St,40.71926081,-73.98178024
Frederick Douglass Blvd & W 117 St,40.805159,-73.954692
Jerome Ave & E Mosholu Parkway S,40.87935,-73.88534
28 St & 41 Ave,40.751047,-73.93797
Fulton Ave & E 168 St,40.830471,-73.904556
N Moore St & Hudson St,40.71996118117138,-74.00844320654869
30 Ave & 41 St,40.763422,-73.914142
34 Ave & 48 St,40.75388,-73.914952
E 16 St & 5 Ave,40.73726186,-73.99238967
W 21 St & 6 Ave,40.74173969,-73.99415556
W 49 St & 8 Ave,40.76227205,-73.98788205
Ave D & E 8 St,40.72368361,-73.97574813
Congress St & Hicks St,40.6893952,-73.9995126
Spruce St & Gold St,40.710323,-74.004323
W 22 St & 8 Ave,40.74475148,-73.99915362
Cypress Ave & Palmetto St,40.70157340873792,-73.90876293182373
Leonard St & Nassau Ave,40.7239567849954,-73.94984364509583
Ditmars Blvd & 48 St,40.769219,-73.901001
Kosciuszko St & Nostrand Ave,40.69072549,-73.95133465
E 12 St & Ave C,40.727243,-73.976831
Menahan St & Seneca Ave,40.70461,-73.91054
W 51 St & 6 Ave,40.7606597,-73.98042047
St Nicholas Ave & W 134 St,40.816234,-73.948222
Riverside Dr & W 138 St,40.823168,-73.955857
E 118 St & 1 Ave,40.79747,-73.93504
Pioneer St & Van Brunt St,40.679043,-74.011169
Franklin Ave & E 169 St,40.83171,-73.90208
Lafayette Ave & Hunts Point Ave,40.816567,-73.888161
Broadway & W 192 St,40.857994,-73.932173
43 St & Skillman Ave,40.74692675687384,-73.9208248257637
Bushwick Ave & Linden St,40.69146,-73.92146
E 149 St & Eagle Ave,40.814046,-73.91186
Broadway & Battery Pl,40.704633,-74.013617
Adam Clayton Powell Blvd & W 138 St,40.81695971032464,-73.9422959089279
Skillman Ave & 43 Ave,40.74653761978055,-73.93215849995613
21 St & 31 Dr,40.7659,-73.930819
Morgan Ave & Lombardy St,40.72226,-73.93889
Montgomery St & Franklin Ave,40.666439306870814,-73.9605563879013
Henry St & Degraw St,40.6847514,-73.99917254
E 72 St & Park Ave,40.77118287540658,-73.96409422159195
W 111 St & 5 Ave,40.79752078124756,-73.9489397406578
South St & Gouverneur Ln,40.70355377,-74.00670227
Clinton St & Joralemon St,40.69239502,-73.99337909
E 27 St & Park Ave S,40.74275179648995,-73.9847157150507
Forsyth St & Canal St,40.7158155,-73.99422366
Orchard St & Grand St,40.717318403855785,-73.99067759513855
Avenue D & E 10 St,40.72506551015475,-73.97515833377838
Division Ave & Marcy Ave,40.70708701,-73.95796783
Hicks St & Montague St,40.69512845,-73.99595065
5 Ave & E 72 St,40.77282817,-73.96685276
W 12 St & Hudson St,40.73752993301071,-74.00558933615685
Atlantic Ave & Furman St,40.69165183,-73.9999786
Bank St & Washington St,40.7361967,-74.00859207
Canal St & Rutgers St,40.71427487,-73.98990025
W 15 St & 6 Ave,40.738046142482766,-73.99642959237099
Henry St & Grand St,40.714211,-73.981095
E 30 St & Park Ave S,40.74444921,-73.98303529
Pike St & Monroe St,40.71173107,-73.99193043
E 51 St & 2 Ave,40.755293,-73.967641
Broadway & Berry St,40.71036129922581,-73.96530389785767
W 55 St & 6 Ave,40.763189,-73.978434
Park Ave & E 124 St,40.8045555,-73.9396861
E 115 St & Lexington Ave,40.797911,-73.9423
E 26 St & 3 Ave,40.74069317733043,-73.98160636425018
Lafayette St & E 8 St,40.73020660529954,-73.99102628231049
1 Ave & E 6 St,40.72633085971696,-73.98616880178452
E 20 St & FDR Dr,40.733208626522426,-73.9756813647
Christopher St & Greenwich St,40.73291553,-74.00711384
6 Ave & W 45 St,40.756951,-73.982631
Market St & Henry St,40.71310702305908,-73.99446353316307
E 22 St & 2 Ave,40.73716919369882,-73.98122549057007
Henry St & W 9 St,40.6763744,-74.00324957
E 48 St & 3 Ave,40.7546011026,-73.971878855
E 39 St & Lexington Ave,40.7494985460252,-73.97729203113158
E 4 St & Ave B,40.72334683218016,-73.98265913128853
West Drive & Prospect Park West,40.6610633719006,-73.97945255041122
W 47 St & 9 Ave,40.76153045158114,-73.99007007479668
Van Brunt St & Van Dyke St,40.6758329439129,-74.01472628116608
Riverside Dr & W 82 St,40.78720869,-73.98128127
E 114 St & 1 Ave,40.7945663,-73.9362541
2 Ave & E 122 St,40.8006721,-73.9349
Broadway & W 155 St,40.83299,-73.94592
Carroll St & Columbia St,40.6830456,-74.00348559
5 Ave & 3 St,40.6728155,-73.98352355
57 St & 37 Ave,40.75048,-73.90513
Laight St & Hudson St,40.72185379,-74.00771779
Alexander Ave & E 134 St,40.807466,-73.927107
61 St & Woodside Ave,40.74501,-73.9036
Freeman St & Southern Blvd,40.830051,-73.892103
Bridge St & York St,40.70133448066992,-73.98471236228943
Southpoint Park,40.75370225419114,-73.95865201950072
3 Ave & E 62 St,40.76312584,-73.96526895
E 25 St & 2 Ave,40.73912601,-73.97973776
Washington Pl & 6 Ave,40.73224119,-74.00026394
Sunken Meadow Comfort Station,40.79558,-73.91906
E 5 St & Cooper Sq,40.72769,-73.990993
Riverside Dr & W 78 St,40.78414472,-73.98362492
E 72 St & York Ave,40.76663814,-73.95348296
Grand Concourse & E 164 St,40.829608,-73.921461
Lenox Ave & W 126 St,40.808442,-73.9452087
Lewis Ave & Madison St,40.686312,-73.935775
8 Ave & W 38 St,40.75461,-73.99177
E 44 St & Lexington Ave,40.752643,-73.974996
W 13 St & 7 Ave,40.73781509,-73.99994661
Montrose Ave & Bushwick Ave,40.70767788,-73.94016171
Lefferts Pl & Franklin Ave,40.680342423,-73.9557689392
Vernon Blvd & 47 Rd,40.7449067,-73.9534573
Grand Concourse & E 171 St,40.839549,-73.913004
Morgan Ave & Maspeth Ave,40.716657,-73.93637
2 Ave & E 55 St,40.757920208794026,-73.96638214588165
Halsey St & Evergreen Ave,40.68858,-73.91227
Jerome Ave & W 184 St,40.860814,-73.902541
E 47 St & 1 Ave,40.75206862,-73.96784384
Front St & Gold St,40.70224,-73.982578
Broadway & W 53 St,40.76344058,-73.98268129
2 Ave & E 104 St,40.7892105,-73.94370784
Center Blvd & 51 Ave,40.74336608027021,-73.95960688591003
Morningside Ave & W 123 St,40.81,-73.9551508
2 Ave & E 29 St,40.74172351097472,-73.97809267044067
E 97 St & Madison Ave,40.787801,-73.953559
Kent Ave & N 7 St,40.72036775298455,-73.96165072917938
Dyckman St & Henshaw St,40.867357,-73.92936
2 Ave & E 31 St,40.74290902,-73.97706058
Bergen St & 4 Ave,40.68256425759694,-73.9798977971077
E 138 St & Cypress Ave,40.805559,-73.914718
Grand Concourse & E 196 St,40.86767,-73.89286
31 Ave & 30 St,40.7647,-73.9240312
1 Ave & E 68 St,40.76500525,-73.95818491
Kingston Ave & Herkimer St,40.67890679,-73.94142771
12 Ave & W 125 St,40.818299,-73.960405
W 33 St & 10 Ave,40.75377336836039,-73.99937599897385
5 Ave & E 29 St,40.7451677,-73.98683077
Fulton St & William St,40.70960089363537,-74.00655090808868
Mott St & Prince St,40.72317958,-73.99480012
Columbia Heights & Cranberry St,40.700379,-73.995481
Washington Ave & Greene Ave,40.68650065,-73.96563307
,40.83,-73.92
Union St & Nevins St,40.67909799721684,-73.98765474557877
Washington St & Laight St,40.72231,-74.0106
Suydam St & Knickerbocker Ave,40.702013,-73.923769
W 31 St & 7 Ave,40.749156,-73.9916
W 90 St & Amsterdam Ave,40.79017948095081,-73.97288918495178
Grand Concourse & E 166 St,40.83196,-73.91956
E 39 St & 2 Ave,40.74803319428767,-73.973827958107
W 15 St & 10 Ave,40.74275382865903,-74.00747358798981
31 Ave & Steinway St,40.7611488,-73.9170071
E 80 St & 2 Ave,40.77391390238118,-73.9543953537941
52 St & 6 Ave,40.642703,-74.009441
Bayard St & Leonard St,40.71915571696044,-73.94885390996933
W 84 St & Columbus Ave,40.78499979,-73.97283406
7 Ave & Park Pl,40.6776147,-73.97324283
Stockholm St & Wilson Ave,40.699304,-73.923044
Union Ave & Wallabout St,40.70029511,-73.95032283
Amsterdam Ave & W 131 St,40.816355,-73.954295
Dahill Rd & 12 Ave,40.646037,-73.980963
27 Ave & 3 St,40.77485,-73.9342
E 47 St & 2 Ave,40.75323098,-73.97032517
Marcus Garvey Blvd & Macon St,40.682601,-73.938037
India St Pier,40.731734785883454,-73.9612390102593
Broadway & W 168 St,40.84089603193041,-73.93972098827362
Commerce St & Van Brunt St,40.6812117,-74.00860912
Powers St & Olive St,40.71323,-73.93894
3 Ave & E 163 St,40.823872,-73.908699
Grand Army Plaza & Central Park S,40.7643971,-73.97371465
5 Ave & E 78 St,40.77632142182271,-73.96427392959595
St Nicholas Ave & W 150 St,40.827212,-73.942722
E 53 St & Lexington Ave,40.75828065,-73.97069431
Dean St & Hoyt St,40.6864442,-73.98759104
Fulton St & Clermont Ave,40.68415748,-73.96922273
Frost St & Meeker Ave,40.71766197083994,-73.94880026578903
Washington St & Barrow St,40.73191132323174,-74.008769094944
21 St & 23 Ave,40.778557,-73.919046
Nassau Ave & Newell St,40.724812564400175,-73.94752621650696
Mercer St & Bleecker St,40.72706363348306,-73.99662137031554
Prospect Ave & Vanderbilt St,40.653368,-73.976291
E 106 St & Madison Ave,40.7934337,-73.94945003
Union St & 4 Ave,40.6772744,-73.98282002
Amsterdam Ave & W 175 St,40.844044,-73.933651
45 Rd & 11 St,40.74708586,-73.94977234
Stewart Ave & Johnson Ave,40.70869,-73.92587
Goulden Ave & Bedford Park Blvd W,40.87387,-73.89533
Southern Blvd & Avenue St. John,40.812769,-73.901583
Walton Ave & E 153 St,40.822351,-73.926907
Sterling Pl & 5 Ave,40.678970070475735,-73.97855266928671
Putnam Ave & Throop Ave,40.6851532,-73.94111
39 St & 50 Ave,40.73824937345944,-73.92737478017807
Amsterdam Ave & W 156 St,40.832081,-73.942386
N 6 St & Bedford Ave,40.71745169,-73.95850939
W 46 St & 11 Ave,40.76341379,-73.99667444
W Burnside Ave & University Ave,40.853686,-73.912498
W 25 St & 6 Ave,40.74395411,-73.99144871
Popham Ave & W 174 St,40.847746,-73.922079
Rivington St & Ridge St,40.71850211,-73.98329859
Lewis Ave & Kosciuszko St,40.69237074,-73.93705428
5 Ave & E 93 St,40.7857851,-73.957481
Audubon Ave & W 192 St,40.85589030603889,-73.92708241939545
DeKalb Ave & S Portland Ave,40.68981035,-73.97493121
Central Park W & W 97 St,40.79249519495111,-73.96417066463071
Clinton St & Tillary St,40.69623297129316,-73.99142056703568
Clark St & Henry St,40.69760127,-73.99344559
Vernon Blvd & 50 Ave,40.74232744,-73.95411749
Lexington Ave & E 120 St,40.8013066,-73.9398167
1 Ave & E 62 St,40.7612274,-73.96094022
Graham Ave & Herbert St,40.71929301,-73.94500379
6 Ave & W 34 St,40.74964,-73.98805
Kenmare St & Elizabeth St,40.72054,-73.9949
40 Ave & 9 St,40.75742,-73.945133
Park Cir & East Dr,40.651566,-73.972212
Riverside Dr & W 91 St,40.79313480986663,-73.97700369358063
48 St & 5 Ave,40.646351,-74.009271
Hancock St & Stuyvesant Ave,40.68454,-73.9322
49 Ave & 21 St,40.74252,-73.948852
W 17 St & 7 Ave,40.74056423633952,-73.99852573871613
Cathedral Pkwy & Broadway,40.804213,-73.96699104
2 Ave & E 96 St,40.7839636,-73.9471673
4 Ave & 3 St,40.673746,-73.985649
Maiden Ln & Pearl St,40.70706456,-74.00731853
Central Ave & Himrod St,40.69676,-73.92302
1 Ave & E 39 St,40.74714,-73.97113
Edgecombe Ave & W 150 St,40.826881,-73.941427
St Marks Pl & 2 Ave,40.7284186,-73.98713956
W 29 St & 9 Ave,40.7500727,-73.99839279
West Broadway & Watts St,40.72323,-74.00314
31 St & 23 Ave,40.7747878,-73.9125551
E 1 St & Bowery,40.72486122254819,-73.99213135242462
E 91 St & 2 Ave,40.78115276427916,-73.94963040947914
University Ave & W 168 St,40.838706,-73.927034
Water St & Main St,40.703212,-73.990409
Adams St & Prospect St,40.70076308326151,-73.98869812488556
Prospect Pl & Underhill Ave,40.6769694,-73.96579
Rogers Ave & Sterling St,40.6630619,-73.9538746
Columbus Ave & W 103 St,40.7969347,-73.9643412291
E 103 St & Lexington Ave,40.7903051,-73.94755757
Pearl St & Hanover Square,40.7047177,-74.00926027
E 142 St & 3 Ave,40.812735,-73.923697
Lincoln Ave & E 138 St,40.810893,-73.927311
5 Ave & W 131 St,40.81014,-73.93973
Dyckman St & Staff St,40.868846,-73.931537
Willoughby St & Ashland Pl,40.69178,-73.97877
Shakespeare Ave & W 169 St,40.839312,-73.922423
43 Ave & 42 St,40.74534682580983,-73.9219419658184
28 Ave & 44 St,40.76408932350688,-73.91065120697021
Humboldt St & Varet St,40.7031724,-73.940636
31 Ave & 34 St,40.763154,-73.920827
Edgecombe Ave & W 141 St,40.820681,-73.945144
River Ter & Warren St,40.71759894980997,-74.01587963104248
W 116 St & Amsterdam Ave,40.8067581,-73.9607082
E 128 St & Madison Ave,40.80756,-73.939182
E 170 St & Sheridan Ave,40.838315,-73.912604
12 Ave & W 40 St,40.76087502,-74.00277668
1 Ave & E 18 St,40.73381219196632,-73.98054420948029
McKibbin St & Manhattan Ave,40.70510918,-73.94407279
Central Park West & W 72 St,40.77579376683666,-73.9762057363987
Murray St\t& West St,40.71503,-74.01246
E 16 St & Irving Pl,40.735367055605394,-73.98797392845154
Dean St & Franklin Ave,40.67759206937376,-73.955637216568
21 St & Queens Plaza North,40.75325964,-73.94335788
Schermerhorn St & Hoyt St,40.6886263,-73.9851911
Riverside Dr & W 145 St,40.827305,-73.951989
Willoughby Ave & Wyckoff Ave,40.705614,-73.92153
Court St & Nelson St,40.6763947,-73.99869893
11 Ave & Prospect Ave,40.65629,-73.977335
Riverside Dr & Broadway,40.865364,-73.92791
35 St & 34 Ave,40.7580583,-73.9242751
31 St & Newtown Ave,40.7675487799971,-73.9209334552288
Wyckoff Ave & Gates Ave,40.699871408829885,-73.91171872615814
Murray St & West St,40.71503,-74.01246
Ft. Hamilton Pkwy & E 2 St,40.648005,-73.979342
Lincoln Pl & Classon Ave,40.6721683,-73.9609
St Ann's Ave & Westchester Ave,40.815887,-73.911918
Stanton St & Norfolk St,40.720747,-73.986274
Warren St & Smith St,40.68542400997018,-73.99127773940563
Centre St & Worth St,40.71494807,-74.00234482
Morton St & West St,40.73142106543068,-74.01077985769007
Washington Square E,40.73049393,-73.9957214
E 50 St & Park Ave,40.757334,-73.974235
S 3 St & Bedford Ave,40.71260486,-73.96264403
Kent Ave & Division Ave,40.706563674670925,-73.9683187007904
Jay St & York St,40.70140317257725,-73.98672670125961
W 56 St & 8 Ave,40.765959181657976,-73.98313522338867
Norfolk St & Broome St,40.7172274,-73.98802084
Hudson St & Reade St,40.71625008,-74.0091059
Bay St & Court St,40.671409,-74.001328
Water St & Gouverneur Ln,40.70469667894968,-74.00803416967392
36 St & Ditmars Blvd,40.774306,-73.908335
W 89 St & Columbus Ave,40.7882213,-73.97041561
E 91 St & Park Ave,40.7835016,-73.955327
3 Ave & Carroll St,40.677027,-73.9865
E 118 St & 3 Ave,40.799139,-73.9389152
Suydam St & Broadway,40.69544,-73.93223
51 St & 43 Ave,40.74451,-73.91412
Wilson Ave & Troutman St,40.70166,-73.92754
Ditmars Blvd & 19 St,40.78145,-73.9183302
53 St & 4 Ave,40.644862,-74.014531
Congress St & Clinton St,40.68825516598005,-73.99545192718506
Webster Ave & Ford St,40.85556,-73.89615
39 Dr & 52 St,40.74732,-73.91197
Monroe St & Patchen Ave,40.68814,-73.92693
E 169 St & Webster Ave,40.834015,-73.908863
University Ave & W Burnside Ave,40.85501,-73.910751
Madison St & Clinton St,40.71269042,-73.98776323
46 St & 7 Ave,40.644743,-74.003754
Borden Ave & Review Ave,40.73866345465306,-73.94093804061413
Albemarle Rd & McDonald Ave,40.645074,-73.979681
Putnam Ave & Wyckoff Ave,40.69811,-73.90904
Shore Blvd & Astoria Park,40.77977,-73.923162
Queens Blvd & 56 St,40.74193,-73.90913
48 St & 2 Ave,40.650176,-74.015606
E 81 St & York Ave,40.7728384,-73.94989233
2 Ave & E 72 St,40.7687620293096,-73.95840793848038
E 77 St & 3 Ave,40.77314236,-73.95856158
Bailey Ave & W 193 St,40.87069,-73.90678
41 St & 3 Ave,40.652512,-74.008906
Columbia St & Kane St,40.68763155,-74.0016256
Butler St & Court St,40.6849894,-73.99440329
E 11 St & Avenue B,40.72746420692392,-73.97950418293476
Columbia St & W 9 St,40.6769993,-74.00647134
Morris Ave & E 142 St,40.814469,-73.924963
Madison Ave & E 99 St,40.78948541553215,-73.95242929458618
E 48 St & 5 Ave,40.75724567911726,-73.97805914282799
59 St & 4 Ave,40.641269,-74.017651
Frederick Douglass Blvd & W 145 St,40.823061,-73.941928
Grand Concourse & E 156 St,40.823429,-73.924689
Crescent St & Broadway,40.7633589,-73.9286471
E 170 St & Clay Ave,40.837213,-73.908345
Madison St & Seneca Ave,40.70183,-73.90625
Audobon Ave & W 179 St,40.847305,-73.933291
Paul Ave & W 205 St,40.87704,-73.88943
Melrose Ave & E 154 St,40.819609,-73.916071
20 Ave & 31 St,40.78001336610564,-73.90667617321014
52 St & 1 Ave,40.649292,-74.020105
Broadway & E 19 St,40.73866091428551,-73.98987293243407
Pike St & E Broadway,40.71406667,-73.99293911
W 13 St & 5 Ave,40.735445,-73.99431
E 2 St & 2 Ave,40.72502876,-73.99069656
Lexington Ave & E 36 St,40.7475739589548,-73.9788007736206
E Houston St & Columbia St,40.71978635452822,-73.97871628403664
6 Ave & Canal St,40.72243797,-74.00566443
Warren St & W Broadway,40.71473993,-74.00910627
Ashland Pl & Dekalb Ave,40.690065,-73.978776
Monroe St & Marcus Garvey Blvd,40.686722,-73.938988
Greenwich St & Perry St,40.73498,-74.00697
Henry St & Atlantic Ave,40.69089272,-73.99612349
Rockaway Ave & Bainbridge St,40.68319988172761,-73.91166642308235
4 Ave & 9 St,40.6705135,-73.98876585
Warren St & Court St,40.686371,-73.99383324
River Ave & McClellan St,40.83406,-73.92243
E 138 St & Grand Concourse,40.813224,-73.930605
Marin Light Rail,40.71458403535893,-74.04281705617905
46 St & 25 Ave,40.765753,-73.90676
Van Buren St & Broadway,40.692,-73.92617
Audubon Ave & Fort George Ave,40.85715781391904,-73.92717361450195
55 St & 7 Ave,40.639673,-74.008957
Stephen St & Seneca Ave,40.6988,-73.9007
35 St & Broadway,40.760339,-73.9222427
Steinway St & Broadway,40.75905795418586,-73.91897544264793
Graham Ave & Conselyea St,40.715143,-73.944507
W 40 St & 5 Ave,40.752269,-73.982079
West End Ave & W 94 St,40.7941654,-73.974124
Icahn Stadium,40.79346,-73.92389
Madison Av & E 51 St,40.75863,-73.97513
Carroll St & 5 Ave,40.6751622,-73.9814832
Irving Ave & Jefferson St,40.70538,-73.92535
Bushwick Ave & Stagg St,40.709897,-73.94008
7 St & 5 Ave,40.6704922,-73.98541675
Verona Pl & Fulton St,40.6803560840434,-73.9476791024208
35 Ave & 37 St,40.7557327,-73.9236611
Frederick Douglass Blvd & W 139 St,40.81900581806558,-73.94476890563965
Harman St & Seneca Ave,40.70577,-73.91292
Malcolm X Blvd & DeKalb Ave,40.6938,-73.93114
16th St & 4th Ave,40.666197,-73.992466
University Ave & Macombs Rd,40.8496401,-73.9161206
Amsterdam Ave & W 119 St,40.80863217506367,-73.95958609887202
Tiebout Ave & E 184 St,40.858498,-73.89637
Picnic Point,40.68512559515415,-74.02535319328308
Willoughby Ave & Onderdonk Ave,40.7098,-73.91727
Central Ave & Melrose St,40.70112,-73.93039
Lorimer St & Broadway,40.70411791,-73.94818595
44 St & Greenpoint Ave,40.741119944681465,-73.92103672027588
4 Ave & 17 St,40.665507,-73.993037
E 20 St & 2 Ave,40.73587678,-73.98205027
Gansevoort St & Hudson St,40.73944820130404,-74.00507032871246
FDR Drive & E 35 St,40.744219,-73.97121214
Nostrand Ave & Myrtle Ave,40.69527008,-73.95238108
49 St & 31 Ave,40.758057,-73.909831
College Ave & E 170 St,40.837576,-73.910489
Lexington Ave & E 128 St,40.806414,-73.936085
76 St & 21 Ave,40.77028,-73.893675
3 Ave & Wakeman Pl,40.638246,-74.024714
6 Ave & 55 St,40.640831,-74.010996
Featherbed Ln & Jerome Ave,40.845505,-73.914311
Bedford Ave & Nassau Ave,40.72311651,-73.95212324
31 St & Ditmars Blvd,40.776168,-73.910485
46 St & 28 Ave,40.763328,-73.908782
E 13 St & 2 Ave,40.73153937464073,-73.9853024482727
Lexington Ave & E 24 St,40.74025878,-73.98409214
Melrose Ave & E 150 St,40.816827,-73.917338
Washington Park,40.6917823,-73.9737299
West End Ave & W 60 St,40.77237,-73.99005
48 Ave & 5 St,40.74436328706688,-73.9558732509613
Kent St & McGuinness Blvd,40.73124,-73.95161
Fulton Ave & E 172 St,40.839229,-73.899047
Bainbridge Ave & E 193 St,40.86389,-73.89246
29 St & 5 Ave,40.656986,-73.998194
Willoughby Ave & Myrtle Ave,40.69757,-73.93098
E Tremont Ave & E 176 St,40.847798,-73.901883
E 106 St & 1 Ave,40.7892529,-73.93956237
E 141 St & St Ann's Ave,40.808633,-73.916124
31 St & Northern Blvd,40.75186951421875,-73.93349289894103
Concourse Village West & E 156 St,40.823162,-73.923267
Waterbury St & Stagg St,40.71019,-73.93734
Vernon Blvd & 31 Ave,40.7692475,-73.9354504
Ditmars Blvd & 73 St,40.76817,-73.896293
43 Ave & 40 St,40.74562,-73.92402
Knickerbocker Ave & Halsey St,40.693,-73.90824
Seneca Ave & Irvine St,40.81872569990116,-73.88862490653992
Creston Ave & E 178 St,40.850885,-73.906469
E 20 St & Park Ave,40.73827428,-73.98751968
St Nicholas Ave & Manhattan Ave,40.809725,-73.953149
Lenox Ave & W 111 St,40.7987859,-73.9523
58 St & 2 Ave,40.644512,-74.021506
37 Ave & 63 St,40.74893,-73.89981
E Mosholu Pkwy & E 204 St,40.8740704,-73.8833650931
Decatur Ave & Oliver Pl,40.867,-73.8857764
Concord St & Bridge St,40.69766564,-73.98476437
3 Ave & E 169 St,40.832678,-73.905158
Suffolk St & Stanton St,40.72066442,-73.98517977
Murray St & Greenwich St,40.71485150526252,-74.01122331619263
W 43 St & 10 Ave,40.76009437,-73.99461843
W 26 St & 10 Ave,40.749717753,-74.002950346
Aqueduct Ave & North St,40.8604787,-73.9057169936
Central Park West & W 76 St,40.77896784,-73.97374737
W 95 St & Broadway,40.7937704,-73.971888
Atlantic Ave & Fort Greene Pl,40.68382604,-73.97632328
E 44 St & 2 Ave,40.75118387463277,-73.97138714790344
Bradley Ave & Greenpoint Ave,40.73565914819229,-73.93478840589523
Anthony Ave & E Tremont Ave,40.848793,-73.903178
Carroll St & Washington Ave,40.6686744,-73.9618148
Louis Nine Blvd & Intervale Ave,40.831998,-73.892686
34 St & 38 Ave,40.752443,-73.929737
Lenox Ave & W 146 St,40.821111,-73.935971
Newtown Ave & 23 St,40.7713615,-73.9246145
Union St & Bedford Ave,40.6691783,-73.9554162
6 Ave & 12 St,40.6663181,-73.9854617
W 50 St & 10 Ave,40.76473420006519,-73.99194359779358
Crotona Park East & E 173 St,40.837037,-73.890413
3 Ave & E 170 St,40.834857,-73.903743
Macombs Pl & W 152 St,40.826406,-73.937948
Greene Ave & Grandview Ave,40.709697,-73.907856
8 St & Astoria Blvd,40.7725996921817,-73.93266275525093
Stanhope St & Fairview Ave,40.70998,-73.91116
34 Ave & 45 St,40.754795,-73.917014
Jefferson St & Cypress Ave,40.70907,-73.92157
17 St & 5 Ave,40.663493,-73.991007
Southern Blvd & Tiffany St,40.818185,-73.894143
E 163 St & Tiffany St,40.821075,-73.895069
Bushwick Ave & Harman St,40.69356,-73.92524
Webster Ave & E 166 St,40.828975,-73.911259
Central Park S & 6 Ave,40.765909,-73.976342
Home St & Westchester Ave,40.827629,-73.886659
1 Ave & E 16 St,40.73221853,-73.98165557
31 St & Thomson Ave,40.74469738,-73.93540375
Graham Ave & Grand St,40.711863,-73.944024
5 Ave & 41 St,40.649983,-74.005144
Broadway & E 21 St,40.73988840858996,-73.98958593606949
Freeman St & Reverend James A Polite Ave,40.830529,-73.894717
8 Ave & W 16 St,40.740983,-74.001702
11 Ave & W 59 St,40.77149671054441,-73.99046033620834
Tompkins Ave & Hopkins St,40.69957608,-73.94708417
Grand Ave & Bergen St,40.678045,-73.962408
W 147 St & Adam Clayton Powell Blvd,40.82281,-73.937413
Leonard St & Church St,40.717571,-74.005549
50 St & Northern Blvd,40.753441,-73.912402
Rivington St & Chrystie St,40.72110063,-73.9919254
Sedgwick Ave & W Tremont Ave,40.85304455868985,-73.91830623149872
10 Ave & W 202 St,40.861281970750994,-73.921417593956
51 St & Queens Blvd,40.7429,-73.91395
Woodside Ave & 60 St,40.74521,-73.90462
E 149 St & Morris Ave,40.81734,-73.922962
W 84 St & Broadway,40.7867947,-73.977112
4 Ave & E 12 St,40.732647,-73.99011
N 12 St & Bedford Ave,40.72079821,-73.95484712
Union Ave & Jackson St,40.7160751,-73.952029
S 4 St & Wythe Ave,40.71285887,-73.96590294
Amsterdam Ave & W 73 St,40.77966809007312,-73.98093044757842
21 Ave & Shore Blvd,40.783956,-73.916894
45 St & 4 Ave,40.649145,-74.009486
1 Ave & E 44 St,40.75001986,-73.96905301
Patchen Ave & Bainbridge St,40.68143,-73.92565
Monroe St & Tompkins Ave,40.686203,-73.944694
8 Ave & W 49 St,40.76171227910671,-73.98655101656914
Wyckoff Av & Jefferson St,40.707165,-73.923711
Walton Ave & E 183 St,40.858472,-73.90266
Willis Ave & E 141 St,40.81093,-73.921606
Grove St & Broadway,40.69047,-73.923511
Onderdonk Ave & Dekalb Ave,40.70863,-73.91497
Broadway & 51 St,40.754164,-73.908906
38 St & Northern Blvd,40.752372,-73.925384
W 50 St & 9 Ave,40.76360467795863,-73.98917958140373
W 51 St & Rockefeller Plaza,40.75973805251143,-73.97811613976955
E 2 St & Avenue C,40.7208736,-73.98085795
Forsyth St & Broome St,40.71893904,-73.99266288
Menahan St & Central Ave,40.69543,-73.9196
Hancock St & Bedford Ave,40.68216564,-73.95399026
3 St & Prospect Park West,40.668132,-73.97363831
Adelphi St & Myrtle Ave,40.69308257,-73.97178913
W 165 St & Fort Washington Ave,40.84004,-73.942939
W 106 St & Amsterdam Ave,40.8008363,-73.9664492472
Crescent St & 30 Ave,40.768692,-73.9249574
River Ave & E 151 St,40.822217,-73.928939
31 Ave & Crescent St,40.7658346,-73.9265474
Wadsworth Ave & W 179 St,40.848467,-73.936064
Dawson St & Intervale Ave,40.819999,-73.897263
Sheridan Ave & E 172 St,40.840494,-73.911479
Calyer St & Guernsey St,40.72755807335852,-73.95505852997303
Adam Clayton Powell Blvd & W 141 St,40.819241,-73.941057
W 37 St & Broadway,40.75227093837409,-73.98770570755005
E 167 St & Franklin Ave,40.82895,-73.90521
Boston Rd & Prospect Ave,40.833246,-73.896599
Rogers Pl & E 165 St,40.82388366441761,-73.8974027708582
Putnam Ave & Ralph Ave,40.68705,-73.92338
Weeks Ave & E 175 St,40.846879,-73.907342
5 St & 51 Ave,40.7423737,-73.9566
Lewis Ave & Greene Ave,40.68995,-73.9365
36 St & 4 Ave,40.654144,-74.00422
Union Ave & E 169 St,40.82995,-73.898802
W 204 St & Nagle Ave,40.863211,-73.920827
Clermont Ave & Lafayette Ave,40.68764484,-73.96968902
Broadway & W 61 St,40.77003010255044,-73.9819684624672
Broadway & W 41 St,40.75513557,-73.98658032
Barrow St & Hudson St,40.73172428,-74.00674436
Irving Ave & Palmetto St,40.698,-73.9127
W 106 St & Central Park West,40.7981856,-73.9605909006
Court St & State St,40.6902375,-73.99203074
W 54 St & 11 Ave,40.768333,-73.992573
Avenue C & E 18 St,40.730563,-73.973984
W 59 St & 10 Ave,40.770513,-73.988038
E 68 St & Madison Ave,40.7691572,-73.96703464
Underhill Ave & Pacific St,40.6804836,-73.9646795
Cherry St,40.71219906,-73.97948148
Macon St & Nostrand Ave,40.6809833854,-73.9500479759
President St & 4 Ave,40.676757,-73.983262
Greenwood Ave & E 4 St,40.650739,-73.977739
Delancey St & Eldridge St,40.719383,-73.991479
W 135 St & Lenox Terrace Pl,40.813619,-73.939336
23 Rd & 31 St,40.77336750284339,-73.91382560133934
Isham St & Broadway,40.86788,-73.919685
Jerome Ave & W Fordham Rd,40.86294,-73.90108
46 St & Queens Blvd,40.74349759836971,-73.91860529780388
McDonald Ave & Vanderbilt St,40.651654,-73.981231
Grand Concourse & East Mount Eden Ave,40.84301,-73.91172
E 23 St & 1 Ave,40.736502,-73.97809472
White St & Moore St,40.704508,-73.9351
24 Ave & 29 St,40.7729,-73.916142
Allen St & Hester St,40.71605866,-73.99190759
35 St & 21 Ave,40.776745,-73.906558
25 Ave & 41 St,40.767666,-73.910963
Washington Ave & Park Ave,40.69610226,-73.96751037
W 34 St &\tHudson Blvd E,40.75516719072139,-74.00059908628464
3 Ave & E 100 St,40.7877214,-73.94728331
E 9 St & 5 Ave,40.73275887045087,-73.99581670761108
W 30 St & 8 Ave,40.74965268472847,-73.9952078461647
Broadway & W 131 St,40.817555,-73.957163
St. Nicholas Ave & W 155 St,40.830663,-73.941323
Carlton Ave & Park Ave,40.69580705,-73.97355569
Sullivan Pl & Franklin Ave,40.66407983678161,-73.96025128666679
Ditmars Blvd & 76 St,40.768442,-73.893531
E 118 St & Madison Ave,40.8014866,-73.9442507
W 87 St & Amsterdam Ave,40.78839,-73.9747
Sedgwick Ave & W Burnside Ave,40.854947,-73.916661
30 Ave & 21 St,40.7703743,-73.9286078
W 163 St & Riverside Dr,40.839278,-73.945446
E 97 St & 3 Ave,40.7859201,-73.94860294
W 34 St & Hudson Blvd E,40.75516719072139,-74.00059908628464
Amsterdam Ave & W 152 St,40.829523,-73.944279
Keegan Rd & 2 Ave,40.64243139706092,-74.0255355834961
Broadway & W 160 St,40.835775,-73.9434
Columbia St & Lorraine St,40.6747055,-74.0075572
37 Ave & 35 St,40.7531106,-73.9279917
36 Ave & 10 St,40.7614376,-73.9411265
Ditmars Blvd & 79 St,40.768728,-73.890745
Lincoln Ave & E 134 St,40.808484,-73.928803
Church Ave & McDonald Ave,40.642809,-73.979239
Pacific St & Classon Ave,40.6791944,-73.9587903
W 34 St &	Hudson Blvd E,40.755167,-74.000599
57 St & 43 Ave,40.74324,-73.908
46 St & 30 Rd,40.76072,-73.910989
Fulton St & Adams St,40.69241829257847,-73.98949474096298
3 Ave & Franklin Ave,40.82696,-73.907451
41 St & 4 Ave,40.651354,-74.007168
Adam Clayton Powell Blvd & W 126 St,40.80949534777948,-73.94776493310928
3 St & 7 Ave,40.6703837,-73.97839676
Lenox Ave & W 130 St,40.8107922,-73.9430681
Hudson Blvd E & W 36 St,40.75630628938069,-73.99951145061095
Lenox Ave & W 117 St,40.8025566,-73.9490782
Church St & Worth St,40.71688538495366,-74.00650128722191
Pleasant Ave & E 116 St,40.7949879,-73.9333349
Nagle Ave & Thayer St,40.861382,-73.925591
Jerome Ave & Anderson Ave,40.830179,-73.928747
39 St & 47 Ave,40.74215636827728,-73.92662644386292
Buchanan Pl & Grand Ave,40.85834,-73.90626
Jerome Ave & E 181 St,40.855653,-73.905528
Morris Ave & E 171 St,40.83899,-73.9109
Cadman Plaza E & Red Cross Pl,40.69991755,-73.98971773
E 7 St & Ave B,40.7251285241158,-73.98131668567657
Spring St & Hudson St,40.72583996792375,-74.0076532959938
George St & Wilson Ave,40.702997,-73.92997
Cooper Square & Astor Pl,40.72951496224949,-73.99075269699097
W 41 St & 8 Ave,40.75640548,-73.9900262
E 53 St & 3 Ave,40.75763227739443,-73.96930575370789
Willoughby Ave & Tompkins Ave,40.69425403,-73.94626915
10 St & 7 Ave,40.6662078,-73.98199886
7 Ave & 20 St,40.659053,-73.98854
Bayard St & Baxter St,40.71602118,-73.99974372
57 St & 1 Ave,40.646377,-74.023087
Madison St & Forest Ave,40.70555,-73.90245
Old Slip & South St,40.70336686695866,-74.007867872715
Roebling St & N 4 St,40.71469,-73.95739
E 174 St & Walton Ave,40.844811,-73.912042
46 Ave & 5 St,40.74731,-73.95451
Bridge St & Water St,40.70296934155272,-73.98469090461731
34th Ave & Vernon Blvd,40.76535380385866,-73.93986314535141
Broadway & W 138 St,40.82182,-73.95353
Crotona Park North & Prospect Ave,40.841092,-73.892317
7 Ave & 62 St,40.63556,-74.01298
Forest Ave & Summerfield St,40.69922,-73.89795
Central Ave & Flushing Ave,40.702831,-73.9333
Broadway & W 220 St,40.872412,-73.912807
Gerard Ave & McClellan St,40.833909,-73.92112
E 15 St & 3 Ave,40.734232,-73.986923
Clay Ave & E 173 St,40.843264,-73.904867
Woodside Ave & 55 St,40.74679,-73.90893
Clinton Ave & Myrtle Ave,40.693261,-73.968896
Wythe Ave & Metropolitan Ave,40.716887,-73.963198
7 Ave S & Bleecker St,40.73213896287381,-74.00363802909851
E 2 St & Avenue B,40.72217444,-73.98368779
7 Ave & 17 St,40.66093779493168,-73.98680448532104
Kingsland Ave & Nassau Ave,40.72577,-73.94173
Douglass St & 3 Ave,40.6802133,-73.98432695
W 35 St & 9 Ave,40.75414519263519,-73.9960889518261
E 33 St & 5 Ave,40.74765947,-73.98490707
W 116 St & Broadway,40.8082,-73.9641
Woodside Ave & 69 St,40.7428,-73.89584
Adam Clayton Powell Blvd & W 132 St,40.813539,-73.94521
W 15 St & 7 Ave,40.73935542,-73.99931783
9 Ave & W 22 St,40.7454973,-74.00197139
Hanson Pl & Ashland Pl,40.68506807308177,-73.97790759801863
E 11 St & 3 Ave,40.73127,-73.98849
Rutgers St & Henry St,40.71332151208186,-73.99009689688683
2 Ave & 39 St,40.655722167971554,-74.01000827550888
34 Ave & 21 St,40.7628138,-73.9342862
Garfield Pl & 8 Ave,40.6711978,-73.97484126
E 67 St & Park Ave,40.76780080148132,-73.96592080593109
44 St & 3 Ave,40.651173,-74.011405
Sedgwick Ave & Hall of Fame Tce,40.859532,-73.913303
Stanton St & Mangin St,40.71782143,-73.97628939
57 St & 4 Ave,40.642622,-74.016866
Norman St & Wyckoff Ave,40.69517,-73.90311
River Ave & E 153 St,40.82441,-73.92818
Railroad Ave & Kay Ave,40.70514807698391,-73.97078096866608
Franklin Ave & Myrtle Ave,40.694546087246025,-73.95801365375519
E Fordham Rd & Webster Ave,40.861748,-73.89105
Avenue D & E 12 St,40.72580614,-73.97422494
Westchester Ave & E 156 St,40.817802,-73.905203
21 St & 38 Ave,40.7576314,-73.9391224
Washington Ave & E 167 St,40.829896,-73.907618
37 St & 24 Ave,40.7701477,-73.9120938
Centre St & Seneca Ave,40.69969,-73.9022
St. Ann's Av & Bruckner Blvd,40.803399,-73.919763
Old Broadway & W 133 St,40.818212,-73.955277
Grand Concourse & E 175 St,40.84627592921954,-73.90931278467178
E 133 St & Cypress Pl,40.80262,-73.9174
Longfellow Ave & E 165 St,40.825322,-73.887729
Townsend Ave & E 175 St,40.84741,-73.911359
W 37 St & 10 Ave,40.75660359,-73.9979009
Clinton St & 4 Place,40.6783563,-74.00014502
Sullivan St & Washington Sq,40.73047747,-73.99906065
Myrtle Ave & Fleet Pl,40.693534,-73.981909
Bronx Shore Comfort Station,40.80046,-73.92404
Melrose St & Broadway,40.697481,-73.935877
W 34 St & 11 Ave,40.75594159,-74.0021163
University Pl & E 8 St,40.73143724085228,-73.99490341544151
Clinton Ave & Flushing Ave,40.69794,-73.96986848
Linden St & Knickerbocker Ave,40.69714,-73.91566
E 59 St & Madison Ave,40.76350532,-73.97109243
36 St & Queens Blvd,40.74408,-73.92901
47 Ave & 31 St,40.743,-73.93561
E 68 St & 3 Ave,40.76712840349542,-73.96224617958069
Washington Ave & E 163 St,40.824,-73.91089
Madison St & Evergreen Ave,40.69122,-73.91693
Margaret Corbin Plz & Ft Washington Ave,40.859166,-73.933872
19 St & 8 Ave,40.658489,-73.985543
31 St & Hoyt Ave N,40.7711528,-73.9170074
W 52 St & 6 Ave,40.76132983124814,-73.97982001304626
E 3 St & 1 Ave,40.72467721,-73.98783413
Prospect Ave & Jennings St,40.831762,-73.896853
Kane St & Clinton St,40.6861758,-73.99645295
Sheridan Ave & E 168 St,40.835334,-73.9154
Henry St & Middagh St,40.7003,-73.991581
7 St & 3 Ave,40.67260298150126,-73.98983001708984
St James Pl & Pearl St,40.71117416,-74.00016545
E 118 St & Park Ave,40.8005385,-73.9419949
Evergreen Ave & Noll St,40.70106,-73.93318
Park Pl & Franklin Ave,40.6741806,-73.9564947
E 138 St & Park Ave,40.81263616769319,-73.92924964427948
31 Ave & 14 St,40.7682,-73.9322662
Hoyt St & Warren St,40.6843549,-73.98901629
35 St & 23 Ave,40.77301508291382,-73.91119033098221
48 St & Skillman Ave,40.74622874694195,-73.91616314649582
48 St & 50 Ave,40.73737,-73.91803
61 St & Laurel Hill Blvd,40.7388,-73.90338
8 Ave & W 33 St,40.751551,-73.993934
Albee Square W & Fulton St,40.69068758614303,-73.98347854614258
Thompson St & Bleecker St,40.72840059450829,-73.99968780577183
DeKalb Ave & Hudson Ave,40.689888,-73.981013
Nelson Ave & W 172 St,40.843965,-73.920999
10 St & 2 Ave,40.671907,-73.993612
W 82 St & Central Park West,40.78275,-73.97137
Queens Plaza North & Crescent St,40.75110165,-73.94073717
Chauncey St & Howard Ave,40.68158,-73.91959
Degraw St & Smith St,40.6829151,-73.99318208
Fulton Ave & St. Paul's Pl,40.83545,-73.90153
Metropolitan Ave & Stewart Ave,40.71401,-73.92793
Broadway & W 165 St,40.839137,-73.941409
Amsterdam Ave & W 183 St,40.84925,-73.93022
W 180 St & Ft Washington Ave,40.849972,-73.938423
Sherman Ave & E 166 St,40.83130549267296,-73.91744792461395
9 St & 44 Rd,40.74966,-73.9521
St Mary's St & Jackson Ave,40.808891,-73.91081
Amsterdam Ave & W 167 St,40.839443,-73.937044
Windsor Pl & 8 Ave,40.660906,-73.983074
7 Ave & 22 St,40.658029,-73.989605
34 Ave & 38 St,40.756913,-73.921631
6 Ave & Broome St,40.72431,-74.00473
E 85 St & York Ave,40.77536905,-73.94803392
Driggs Ave & N 9 St,40.71816969454208,-73.95520135760307
E 66 St & Madison Ave,40.76800889305947,-73.96845281124115
W 92 St & Broadway,40.7921,-73.9739
Central Park W & W 91 St,40.78866499127884,-73.96680057048798
Broadway & W 122 St,40.8120562,-73.9612547
Allen St & Stanton St,40.722055,-73.989111
Fulton St & Waverly Ave,40.68323865460341,-73.96599590778351
Myrtle Ave & Grove St,40.69905,-73.91516
Adam Clayton Powell Blvd & W 115 St,40.802535,-73.9532423
Broadway & Madison St,40.68822,-73.91966
Albany Ave & Fulton St,40.6800105,-73.938475
Carlton Ave & Dean St,40.6809741,-73.9710097
Prospect Park SW & Greenwood Ave,40.652563,-73.972573
38 St & 30 Ave,40.764174520197685,-73.91583994030952
E 157 St & River Ave,40.825737,-73.927311
Engert Ave & McGuinness Blvd,40.72158,-73.94546
Ft. Washington Ave & W 190 St,40.856906,-73.935662
Broadway & 49 St,40.755389,-73.911517
Jerome Ave & E 198 St,40.87144520687118,-73.89289632439613
Broadway & Morris St,40.705945132708806,-74.01321887969969
West Thames St,40.70834698,-74.01713445
Nassau Ave & Russell St,40.72557,-73.94434
5 Ave & 37 St,40.652657,-74.002356
Fulton St & Broadway,40.711066,-74.009447
W 171 St & St. Nicholas Ave,40.842941,-73.938631
Southern Blvd & E 175 St,40.839335,-73.886445
Devoe St & Lorimer St,40.71335226222875,-73.9491033554077
W 104 St & Amsterdam Ave,40.79904139288298,-73.96649479866028
Van Brunt St & Wolcott St,40.6773429,-74.01275056
2 Ave & E 125 St,40.802554,-73.933509
Putnam Ave & Nostrand Ave,40.68402,-73.94977
Wyckoff St & Nevins St,40.683426,-73.984275
Monroe St & Classon Ave,40.6845683,-73.95881081
Bedford Ave & S 9 St,40.70853074,-73.96408963
Fulton St & Irving Pl,40.68186,-73.959432
Wilson Ave & Moffat St,40.68906,-73.90506
48 Ave & 41 St,40.73985995699164,-73.92400324344635
St. Nicholas Ave & W 157 St,40.832314,-73.94102
Charlotte St & Boston Rd,40.8358771,-73.8931428
E 165 St & Jerome Ave,40.83263,-73.925101
Broadway & Whipple St,40.7016657,-73.9437303
Bruckner Blvd & Bryant Ave,40.821952,-73.888546
42 St & 1 Ave,40.654798,-74.014372
Longwood Ave & Southern Blvd,40.816343,-73.896447
46 St & 6 Ave,40.645921,-74.005708
3 Ave & 17 St,40.666168,-73.995549
Dyckman St & 10 Ave,40.85890447538412,-73.9230939745903
W 160 St & St. Nicholas Ave,40.834468,-73.939865
W 30 St & 10 Ave,40.752694,-74.002353
Avenue D & E 3 St,40.72082834,-73.97793172
Sands St Gate,40.699569,-73.979827
E 170 St & Webster Ave,40.83617913677475,-73.90730146322765
W 63 St & Broadway,40.77163851,-73.98261428
Prospect Park W & 20 St,40.656633,-73.983864
Woodward Ave & Harman St,40.70793,-73.91092
Willoughby St & Fleet St,40.69196566,-73.9813018
W 100 St & Broadway,40.7973721,-73.97041192
E 76 St & Park Ave,40.773763,-73.96222088
Montague St & Clinton St,40.6942715,-73.9923272
Morris Ave & McClellan St,40.831584,-73.9149
Ditmars Blvd & 43 St,40.771203,-73.903865
Walton Ave & E 168 St,40.83649,-73.918316
W 204 St & Vermilyea Ave,40.866141,-73.922648
5 Av & W 139 St,40.815484,-73.935856
43 Ave & 47 St,40.7448062877224,-73.91728967428207
Westchester Ave & Jackson Ave,40.816124,-73.908116
30 Ave & 12 St,40.77171710520828,-73.93159255385399
Southern Blvd & E 142 St,40.807347437082,-73.90809774398804
Pier 40 - Hudson River Park,40.7277140777778,-74.01129573583603
W 36 St & 9 Ave,40.75462324029105,-73.99516761302948
E 89 St & 3 Ave,40.7806284,-73.9521667
12 St & 4 Ave,40.668603,-73.9904394
Broadway & W 29 St,40.7462009,-73.98855723
Berkeley Pl & 7 Ave,40.675146838709786,-73.97523209452629
Riverside Dr & W 104 St,40.8013434,-73.9711457439
Parade Pl & Crooke Ave,40.651847,-73.965248
Park Ave & St Edwards St,40.69608941,-73.97803415
Van Sinderen Ave & Truxton St,40.6786,-73.90369
W 44 St & 5 Ave,40.75500254,-73.98014437
1 Ave & E 30 St,40.74144387,-73.97536082
3 Ave & E 71 St,40.76873687,-73.96119945
Graham Ave & Withers St,40.7169811,-73.94485918
Manhattan Av & Leonard St,40.72084,-73.94844
Suydam St & St. Nicholas Ave,40.70636,-73.91945
E 9 St & Avenue C,40.72521311,-73.97768752
Church Ave & Story St,40.642031,-73.981073
Cumberland St & Lafayette Ave,40.68753406,-73.97265183
30 St & 4 Ave,40.657743,-74.001141
E 123 St & Lexington Ave,40.8029263,-73.9379
44 St & 2 Ave,40.652502,-74.013587
Webb Ave & W 190 St,40.8660052,-73.904254892
31 Ave & 57 St,40.757357,-73.904726
10 Ave & W 215 St,40.86932465640094,-73.91519755125046
W Fordham Rd & Loring Pl N,40.86295,-73.90741
Andrews Ave S & W 179 St,40.855156,-73.91278
Metropolitan Ave & Vandervoort Ave,40.71429,-73.93323
Davidson Ave & W Burnside Ave,40.853646,-73.908731
Brook Ave & E 138 St,40.807408,-73.91924
Pier 40 Dock Station,40.72866,-74.01198
Thomas S. Boyland St & Marion St,40.6814658848122,-73.91415685415268
Scholes St & Manhattan Ave,40.70870368,-73.9448625
Sharon St & Olive St,40.71534162042448,-73.93865078687668
Amsterdam Ave & W 172 St,40.842173,-73.935111
W 192 St & University Ave,40.866899,-73.901942
St Johns Pl & Washington Ave,40.6737236,-73.9631611
W 113 St & Broadway,40.805973,-73.964928
E 27 St & 1 Ave,40.739445,-73.976806
E 47 St & Park Ave,40.75510267,-73.97498696
Greene Ave & Nostrand Ave,40.6883337,-73.950916
Cliff St & Fulton St,40.70838,-74.00495
Gerard Ave & E 146 St,40.817755,-73.92965
E 43 St & 2 Ave,40.75022392,-73.97121414
Edgecombe Ave & W 167 St,40.838191,-73.936085
Flatbush Ave & Eastern Pkwy,40.668757,-73.966438
Lexington Ave & E 26 St,40.741459,-73.983293
Pacific St & Nevins St,40.6853761,-73.98302136
West End Ave & W 78 St,40.783786,-73.981687
Amsterdam Ave & W 162 St,40.83618,-73.939789
27 Ave & 9 St,40.7739825,-73.9309134
53 St & 2 Ave,40.64744,-74.018846
Bedford Park Blvd & Paul Ave,40.87444,-73.89186
Chester Ave & 12 Ave,40.644367,-73.984276
E 128 St & 3 Ave,40.805631,-73.934077
West Farms Rd & Boone Ave,40.8301283948092,-73.88630211353302
Academy St & Nagle Ave,40.862562,-73.922661
E 167 St & Bryant Ave,40.826706,-73.888719
Chauncey St & Malcolm X Blvd,40.68044,-73.92842
33 St & 47 Ave,40.74283,-73.9321
W 47 St & 10 Ave,40.76269882,-73.99301222
Gramercy Park N & Gramercy Park E,40.73795,-73.98509
Madison Ave & E 26 St,40.742684734875695,-73.98671329021454
18 St & 27 Ave,40.772768286288304,-73.92743647098541
E 13 St & Avenue A,40.72966729392978,-73.98067966103554
Riverside Blvd & W 67 St,40.777507027547976,-73.98888587951659
W 74 St & Columbus Ave,40.7785669,-73.97754961
Degraw St & Hoyt St,40.68199044270703,-73.99079024791718
Broadway & W 37 St,40.75172632,-73.98753523
Broadway & Furman Ave,40.68139,-73.90756
Milton St & Franklin St,40.72906,-73.95779
44 Dr & Jackson Ave,40.74718234,-73.9432635
Broadway & Ellwood St,40.862058,-73.929719
Newton Rd & 44 St,40.7595701,-73.9142678
Brook Ave & E 141 St,40.809619,-73.917875
44 St & 48 Ave,40.73941387498411,-73.92131969332695
Prospect Park SW & 10 Ave,40.659945,-73.977504
E 182 St & Morris Ave,40.85670801831255,-73.90265285968779
Lenox Ave & W 133 St,40.81296,-73.941878
W 186 St & St. Nicholas Ave,40.852253,-73.931308
W Mosholu Pkwy S & Sedgwick Ave,40.88226,-73.88702
20 Ave & 42 St,40.775415,-73.900063
W 211 St & 10 Ave,40.86709406268147,-73.9172950387001
48 Ave & 37 St,40.74034668087185,-73.92886072397232
Garrison Ave & Manida St,40.818743,-73.890247
54 St & 37 Ave,40.75098,-73.90799
Bailey Ave & Sedgwick Ave,40.86571,-73.90857
60 St & 37 Ave,40.74958,-73.90256
43 St & 37 Ave,40.750181,-73.919998
Willow Ave & E 133 St,40.800933,-73.913863
Murray St	& West St,40.71503,-74.01246
South St & Pike St,40.70991806921533,-73.99161100387573
Leonard St & Maujer St,40.7103685423523,-73.94705951213837
Grand St & Elizabeth St,40.718822,-73.99596
Adam Clayton Powell Blvd & W 130 St,40.812346,-73.946168
21 St & 36 Ave,40.7601853,-73.9362726
Hudson St & W 13 St,40.74005708567285,-74.0052741765976
Stagg St & Morgan Ave,40.710681,-73.93372
Fairview Ave & Linden St,40.70694,-73.90632
Perry St & Greenwich Ave,40.735918,-74.000939
Hancock St & Wyckoff Ave,40.6972,-73.90674
Steinway St & 28 Ave,40.7656251,-73.9136695
Driggs Ave & N Henry St,40.72325,-73.94308
W 37 St & 5 Ave,40.75038009,-73.98338988
Wards Meadow Comfort Station,40.78294,-73.93077
E 160 St & Tinton Ave,40.820302,-73.903944
Cedar Ave & W Fordham Rd,40.86156,-73.91219
W 35 St & 8 Ave,40.752762088742045,-73.99280458705107
W 70 St & Amsterdam Ave,40.77748046,-73.98288594
South St & Whitehall St,40.70122128,-74.01234218
3 Ave & Schermerhorn St,40.68683208,-73.9796772
6 Ave & W 33 St,40.74901271,-73.98848395
Broadway & E 14 St,40.73454567,-73.99074142
Vesey St & Church St,40.71221958009051,-74.01047229766846
Lispenard St & Broadway,40.71939226,-74.00247214
E 5 St & Ave A,40.72479007746337,-73.98430064320564
7 Ave & Central Park South,40.766741,-73.979069
E 82 St & East End Ave,40.7724607,-73.9468208
Myrtle Ave & St Edwards St,40.69327018,-73.97703874
Creston Ave & E 181 St,40.8549,-73.90281
E 102 St & Park Ave,40.7904828,-73.95033068
Berkeley Pl & 6 Ave,40.6765304,-73.97846879
Jerome Ave & W 195 St,40.86874,-73.89657
E 102 St & 1 Ave,40.7869946,-73.94164802
Pinehurst Ave & W 187 St,40.855331,-73.937878
Plaza Dr & W 170 St,40.840484,-73.917946
21 St & 4 Ave,40.662584,-73.995554
48 St & Barnett Ave,40.75001640425933,-73.91540944576263
E 150 St & Gerard Ave,40.820089,-73.928947
31 Pl & Hunters Point Ave,40.74021356884924,-73.93537044525146
23 St & 3 Ave,40.662611,-73.998623
Hope St & Union Ave,40.71167351,-73.95141312
E 65 St & 2 Ave,40.76471851944339,-73.96222069859505
India St & Manhattan Ave,40.73232194,-73.9550858
E 51 St & Lexington Ave,40.75714758,-73.97207836
Plaza St West & Flatbush Ave,40.6750207,-73.97111473
Market St & Cherry St,40.71076228,-73.99400398
Clinton St & Cherry St,40.711471,-73.986726
Duffield St & Willoughby St,40.69221589,-73.9842844
Amsterdam Ave & W 66 St,40.7746671,-73.98470567
Seaman Ave & Beak St,40.867505,-73.926363
Smith St & 3 St,40.6787242,-73.99599099
Cypress Ave & George St,40.69812,-73.90271
31 Ave & 61 St,40.757525,-73.901614
34 Ave & 13 St,40.7638753,-73.9364848
Knickerbocker Ave & Moffat St,40.690434,-73.903737
Botanical Sq & Webster Ave,40.86814,-73.88145
Frost St & Debevoise Ave,40.71882,-73.93948
43 St & 35 Ave,40.754139,-73.919543
Bushwick Ave & Furman Ave,40.68281,-73.90623
Clinton St & Centre St,40.67434,-74.00194698
6 Ave & 9 St,40.668127,-73.98377641
Stanton St & Chrystie St,40.72229346,-73.99147535
Bleecker St & Crosby St,40.72615604980408,-73.99510189890862
W 159 St & Edgecombe Ave,40.833303,-73.939326
53 St & 5 Ave,40.643371,-74.011884
E 171 St & Webster Ave,40.838379,-73.905838
Dock St & Front St,40.702709,-73.99253
W 148 St & Amsterdam Ave,40.827075,-73.945909
W 10 St & Washington St,40.73342399437081,-74.00851495563984
Broadway & W 142 St,40.824686,-73.951947
62 St & Northern Blvd,40.754176,-73.900318
Stuyvesant Ave & Gates Ave,40.68834,-73.93306
Goulden Ave & W 197 St,40.87156,-73.89714
Hart St & Wyckoff Ave,40.704876,-73.919911
9 Ave & W 204 St,40.86169883507865,-73.91855701804161
E 165 St & Fox St,40.82394,-73.894025
E 1 St & 1 Ave,40.72335597960796,-73.98864984512329
Metropolitan Ave & Meeker Ave,40.71413311,-73.95234386
Jackson Ave & 46 Rd,40.74524768,-73.94733276
Valentine Ave & E 181 St,40.854123869116,-73.89932222664356
Emerson Pl & Myrtle Ave,40.69363137,-73.96223558
MacDougal St & Washington Sq,40.73226398,-73.99852205
Schermerhorn St & Court St,40.69102925677968,-73.99183362722397
Sterling Pl & Bedford Ave,40.672695,-73.954131
5 Ave & E 87 St,40.78232260730881,-73.95987510681152
Liberty St & Nassau St,40.70858894240581,-74.00935482235809
St Marks Pl & 1 Ave,40.72779126,-73.98564945
Washington St & Gansevoort St,40.739323,-74.008119
24 St & 38 Ave,40.756351,-73.936515
58 St & 32 Ave,40.75574,-73.903427
50 St & Barnett Ave,40.750097682094825,-73.91349703073502
19 St & 24 Ave,40.7774552,-73.9225403
Steinway St & 21 Ave,40.774798,-73.903787
W 36 St & 7 Ave,40.752149,-73.989539
Grand Concourse & E 167 St,40.834263,-73.917641
E 19 St & 3 Ave,40.73624527,-73.98473765
Halsey St & Ralph Ave,40.68494,-73.92299
Henry St & Bay St,40.6725058,-74.00494695
E 53 St & Madison Ave,40.7597108,-73.97402311
Willis Ave & E 143 St,40.812299,-73.92037
7 Ave & 41 St,40.647379,-74.000911
Union Ave & N 12 St,40.71924,-73.95242
Greenwich St & W Houston St,40.728846,-74.008591
9 Ave & W 18 St,40.74317449,-74.00366443
Grand St & Samuel Dickstein Plaza,40.71511871996496,-73.98417055606842
W 18 St & 6 Ave,40.73971301,-73.99456405
W 26 St & 8 Ave,40.74734825,-73.99723551
Broadway & W 56 St,40.7652654,-73.98192338
McGuinness Blvd & Eagle St,40.73555,-73.95284
W 64 St & Thelonious Monk Circle,40.77515953434235,-73.98918695747852
Eastern Pkwy & Franklin Ave,40.6707767,-73.9576801
W 47 St & 6 Ave,40.758397,-73.98255
Cambridge Pl & Gates Ave,40.68488,-73.96304
Little West St & 1 Pl,40.70569254,-74.01677685
S Portland Ave & Hanson Pl,40.68539567,-73.97431458
W 120 St & Claremont Ave,40.8109494,-73.9634
Broadway & W 153 St,40.831327,-73.946665
W 42 St & 6 Ave,40.75492,-73.98455
58 St & Pier 4,40.646475,-74.026081
E 138 St & Willow Ave,40.804168,-73.911545
36 St & 3 Ave,40.655716,-74.006664
Ogden Ave & Merriam Ave,40.839142,-73.925961
White St & Johnson Ave,40.707174,-73.93581
Grand Concourse & E 144 St,40.816576,-73.927987
34 St & 4 Ave,40.655278,-74.003101
W 163 St & Edgecombe Ave,40.835798,-73.937496
W 176 St & Montgomery Ave,40.849629,-73.919205
Ogden Ave & W 165 St,40.834457,-73.928381
Decatur Ave & E 197 St,40.86557,-73.88807
E 174 St & Longfellow Ave,40.836274,-73.884308
8 Ave & W 27 St,40.747968,-73.996637
E 6 St & 2 Ave,40.72737869323223,-73.98840844631195
University Pl & E 14 St,40.734814,-73.992085
E 17 St & Broadway,40.73704984,-73.99009296
Jackson St & Leonard St,40.71638031973561,-73.94821286201477
6 Ave & 21 St,40.66016,-73.990974
Old Fulton St,40.70277159,-73.99383605
E 51 St & 1 Ave,40.75455731,-73.96592976
E Mosholu Pkwy & Van Cortlandt Ave E,40.87656,-73.88366
6 Ave & Walker St,40.7197920901383,-74.0052238852195
W 42 St & Dyer Ave,40.75898481399634,-73.99379968643188
Broadway\t& W 48 St,40.76017739537783,-73.98486793041229
38 Ave & 29 St,40.75473,-73.93367
Marcy Ave & Lafayette Ave,40.6900815,-73.947915
Broadway	& W 48 St,40.760177,-73.984868
N 11 St & Kent Ave,40.72248188638219,-73.95921930670738
Convent Ave & W 135 St,40.818215,-73.950988
24 St & 41 Ave,40.752474,-73.939991
Grant Ave & E 169 St,40.83579,-73.913741
Prospect Ave & Greenwood Ave,40.651745,-73.975988
Ft. Hamilton Pkwy & E 5 St,40.649037,-73.97673
Astoria Park S & Shore Blvd,40.7767,-73.927631
Madison St & Cypress Ave,40.70068,-73.90742
Broadway & W 48 St,40.76017739537783,-73.98486793041229
43 St & Broadway,40.7577284,-73.9166368
Bushwick Ave & Forrest St,40.70076,-73.93641
Macombs Rd & W 175 St,40.848177,-73.916082
Bainbridge Ave & E 198 St,40.8684871,-73.8884559781
Clay Ave & Claremont Pkwy,40.83999,-73.90549
Soissons Landing,40.69231660719192,-74.01486575603485
47 St & 3 Ave,40.649143,-74.012384
65 St & Roosevelt Ave,40.74589,-73.89915
Putnam Ave & Knickerbocker Ave,40.69545,-73.91164
Gerard Ave & E 165 St,40.83173,-73.922394
Steinway St & Ditmars Blvd,40.772717,-73.906127
Bank St & Hudson St,40.73652889,-74.00618026
Menahan St & Onderdonk Ave,40.70553,-73.9096
Jay St & Tech Pl,40.695065,-73.987167
E 60 St & York Ave,40.759107,-73.959223
Walker St & Baxter St,40.717411,-73.999573
3 St & Hoyt St,40.6777287,-73.99364123
Morton St & Washington St,40.73115,-74.00887
Kosciuszko St & Tompkins Ave,40.69128258,-73.9452416
Richards St & Delavan St,40.6794327,-74.00785041
Frederick Douglass Blvd & W 112 St,40.801694,-73.957145
South St & Broad St,40.70188858913366,-74.01089876890182
Catherine St & Monroe St,40.71117444,-73.99682619
61 St & Queens Blvd,40.74091,-73.90273
E 132 St & Madison Ave,40.810224,-73.937195
E 201 St & Briggs Ave,40.87207,-73.88459
E 8 St & Caton Ave,40.648055,-73.972432
34 St & 5 Ave,40.654098,-74.001131
Seaman Ave & Isham St,40.86989866194045,-73.92076313495636
43 St & 23 Ave,40.769673,-73.906018
West St & Chambers St,40.71754834,-74.01322069
Driggs Ave & Lorimer St,40.72179134,-73.9504154
Great Jones St,40.72743423,-73.99379025
E 88 St & Park Ave,40.781410700190015,-73.95595908164978
10 Ave & W 28 St,40.75066386,-74.00176802
William St & Pine St,40.70717936,-74.00887308
Smith St & 9 St,40.6746957,-73.99785768
Central Ave & Starr Street,40.700003,-73.92834
Flushing Ave & Vanderbilt Ave,40.69795031569544,-73.97077560424805
Reade St & Broadway,40.71450451,-74.00562789
Willoughby Ave & Walworth St,40.69331716,-73.95381995
1 Pl & Clinton St,40.6809591,-73.99905709
Cedar St & Myrtle Ave,40.697842,-73.926241
Spruce St & Nassau St,40.71146364,-74.00552427
E 14 St & 1 Ave,40.73139303364151,-73.98286700248718
Ave A & E 11 St,40.72854745023944,-73.98175925016403
Stagg St & Union Ave,40.70877084,-73.95095259
Watts St & Greenwich St,40.72405549,-74.00965965
53 St & Roosevelt Ave,40.74462,-73.91143
Jefferson Ave & Evergreen Ave,40.68989,-73.91458
Coffey St & Ferris St,40.67818387977647,-74.0170168876648
North Moore St & Greenwich St,40.72019521437465,-74.0103006362915
W Broadway & Spring St,40.72494672359416,-74.00165855884552
Inwood Ave & W 170 St,40.840536,-73.919228
Clermont Ave & Park Ave,40.69573398,-73.97129668
E 149 St & Park Ave,40.818154,-73.925294
E Burnside Ave & Ryer Ave,40.850535,-73.901318
Underhill Ave & Lincoln Pl,40.6740123,-73.9671457
E 161 St & River Ave,40.827883,-73.927111
Pioneer St & Richards St,40.677775,-74.009461
E 115 St & Madison Ave,40.7989445,-73.944846
Sullivan Pl & Bedford Ave,40.6642406,-73.9574686
Grand Concourse & E 203 St,40.87382,-73.88661
Southern Blvd & E 172 St,40.834124,-73.88955
Columbus Ave & W 72 St,40.7770575,-73.97898475
Pierrepont St & Monroe Pl,40.69535693320225,-73.99344027042389
E 78 St & 2 Ave,40.7727966,-73.95577801
Central Ave & Weirfield St,40.69055,-73.91181
N 15 St & Wythe Ave,40.724055,-73.955736
DeKalb Ave & Franklin Ave,40.69064807082943,-73.95746178925037
W 100 St & Manhattan Ave,40.795,-73.9645
E 153 St & E 157 St,40.826677,-73.929327
E 163 St & Union Ave,40.822545,-73.901824
Withers St & Kingsland Ave,40.71773,-73.94051
Coffey St & Conover St,40.677236,-74.015665
W 218 St & Indian Rd,40.873054589370895,-73.91837194561958
Mount Eden Pkwy & Eastburn Ave,40.842675,-73.908544
20 Ave & 21 St,40.784003,-73.912297
Grand Concourse & E 199 St,40.87142,-73.88839
Goble Pl & Macombs Rd,40.844075,-73.917256
14 St & 5 Ave,40.666287,-73.98895053
W 225 St & Exterior St,40.873265,-73.906646
Huron St & Franklin St,40.73266,-73.95826
Calyer St & Jewel St,40.72984,-73.94839
Mt Morris Park W & W 120 St,40.804038,-73.945925
E 116 St & 2 Ave,40.796879,-73.937261
Central Ave & Woodbine St,40.69296,-73.91605
Hoe Ave & Jennings St,40.832171,-73.889686
Grand Concourse & E 161 St,40.82713380423556,-73.9227358996868
E 149 St & Jackson Ave,40.813135,-73.909235
67 St & Erik Pl,40.633385,-74.016562
23 Ave & 27 St,40.776165,-73.9153175
Brook Ave & E 148 St,40.814383,-73.915368
62 St & 43 Ave,40.74261,-73.903
Broadway & Hancock St,40.68663,-73.9168
Carlton Ave & St Marks Ave,40.67911856082165,-73.97176265716553
St Nicholas Ave & W 137 St,40.818477,-73.947568
Yankee Ferry Terminal,40.68706579875912,-74.01675585121666
50 St & 30 Ave,40.760083,-73.907107
Irving Ave & Halsey St,40.69467,-73.90663
Intervale Ave & Westchester Ave,40.821967,-73.896752
Macombs Rd & Featherbed Ln,40.84552,-73.91722
McGinley Square,40.7253399253558,-74.06762212514877
Lexington Ave & E 127 St,40.805726,-73.936322
S 5 Pl & S 5 St,40.710451,-73.960876
Water St &  Fletcher St,40.706410755236135,-74.00559738278389
Barclay St & Church St,40.71291224,-74.01020234
Thomas S. Boyland St & Macon St,40.68491,-73.91493
Hancock St & Malcolm X Blvd,40.68487,-73.9293
Division Ave & Hooper St,40.70684203101325,-73.9544353965357
30 St & 48 Ave,40.7413272,-73.937999
35 St & 30 Ave,40.76547569244953,-73.91811579465866
44 St & 6 Ave,40.647105,-74.004483
28 Ave & 35 St,40.7671,-73.9169858
28 St & 36 Ave,40.757186,-73.932719
3 Ave & E 172 St,40.839586,-73.900277
Nagle Ave & Ellwood St,40.86012,-73.928489
Fulton St & Saratoga Ave,40.67853,-73.91642
Morris Ave & E 184 St,40.86008,-73.90079
Somers St & Broadway,40.67945,-73.90474
Van Sinderen Ave & Atlantic Ave,40.67621,-73.90351
Morris Ave & E Burnside Ave,40.85322,-73.90546
Allen St & Rivington St,40.72019576,-73.98997825
E 25 St & 1 Ave,40.7381765,-73.97738662
31 St & Astoria Blvd,40.7699176,-73.9184057
72 St & Woodside Ave,40.74288,-73.89283
E 10 St & 2 Ave,40.72970805644994,-73.9865979552269
Tinton Ave & E 165 St,40.824796,-73.90242
Franklin St & Dupont St,40.73564,-73.95866
Valentine Ave & E 183 St,40.856987,-73.898237
1 St & 6 Ave,40.672784,-73.979826
Amsterdam Ave & W 125 St,40.813358,-73.956461
Anthony Ave & E 175 St,40.846465,-73.903869
E 171 St & 3 Ave,40.837119,-73.902185
31 Rd & 21 St,40.766824,-73.930486
Marion Ave & Mosholu Pkwy,40.8704956,-73.8818756582
5 St & Market St,40.6999974843885,-73.97440128028393
55 St & 5 Ave,40.642408,-74.013318
MacDougal St & Rockaway Ave,40.68018,-73.91136
E 167 St & Clay Ave,40.83094,-73.91125
E 106 St & Lexington Ave,40.791976,-73.945993
Stuyvesant Walk & 1 Av Loop,40.732339777151054,-73.97898383438587
Lexington Ave & E 111 St,40.7954121,-73.9441232
5 Ave & E 135 St,40.812191,-73.937838
Moffat St & Bushwick,40.68458,-73.90925
Grand Concourse & E 197 St,40.86945,-73.89148
E 106 St & 2 Ave,40.790586067792006,-73.94195795059204
W 146 St & Broadway,40.826969,-73.949738
65 St & 35 Ave,40.75053,-73.8977
Cauldwell Ave & E 161 St,40.82188,-73.907521
E 155 St & Courtlandt Ave,40.82057,-73.917579
40 St & Queens Blvd,40.743540273428685,-73.92435193061829
Harlem River Dr & W 155 St,40.830476,-73.939929
Forsyth St\t& Grand St,40.71779817737835,-73.99316132068634
E 135 St & St Ann's Ave,40.805089,-73.918889
Flatbush Ave & Ocean Ave,40.663657,-73.963014
Perry St & Bleecker St,40.73535398,-74.00483091
4 Ave & 26 St,40.660079,-73.998633
E 98 St & Park Ave,40.78813,-73.95206
Leonard St & Boerum St,40.70583339,-73.94644578
Forsyth St & Grand St,40.71779817737835,-73.99316132068634
Frederick Douglass Blvd & Harlem River Dr,40.830702,-73.936371
8 Ave & W 24 St,40.74591072834279,-73.99807110428809
E 40 St & 5 Ave,40.752062307,-73.9816324043
Eastern Pkwy & Washington Ave,40.6716493,-73.9631145
E 12 St & 3 Ave,40.73223272,-73.98889957
Dock 72 Way & Market St,40.69985,-73.97141
20 Ave & 38 St,40.777112,-73.902382
Prospect Park SW & 16 St,40.657265,-73.974165
Steinway St & 19 Ave,40.778089,-73.899558
63 St & 5 Ave,40.63766,-74.01782
Goulden Ave & W 205 St,40.87812,-73.89192
21 Ave & 80 St,40.770888,-73.889914
W Tremont Ave & Matthewson Rd,40.853827,-73.920765
9 Ave & W 219 St,40.871094,-73.911503
E 134 St & Walnut Ave,40.800425,-73.911034
10 Ave & W 204 St,40.862638,-73.92006
Bond St & Fulton St,40.68962188790333,-73.98304268717766
Bergen Ave,40.722103786686034,-74.07145500183105
61 St & 39 Ave,40.7471,-73.9028
Caton Ave & E 7 St,40.647718,-73.973663
1 Ave & E 78 St,40.77140426,-73.9535166
Nassau St\t& Duffield St,40.698477,-73.98384
21 St & Hoyt Ave S,40.774645,-73.923706
Henry St & Remsen St,40.69400964865994,-73.99465128779411
62 St & 34 Ave,40.75201,-73.89986
W 133 St & 12 Ave,40.820003,-73.959089
Greene Av & Myrtle Av,40.698568,-73.918877
3 Ave & E 112 St,40.795508,-73.941606
Myrtle Ave & Linden St,40.69943,-73.91337
Vernon Blvd & 41 Rd,40.7552433,-73.9485678
Nassau St & Duffield St,40.698477,-73.98384
Loring Pl North & W 183 St,40.8604244,-73.9093359997
Nassau St	& Duffield St,40.698477,-73.98384
Grand St & Greene St,40.72170005235607,-74.00238141417502
Lafayette Ave & Ft Greene Pl,40.68700231292619,-73.97664964199066
E 5 St & Avenue C,40.72299208,-73.97995466
Bedford Ave & Bergen St,40.676368,-73.952918
Bergen St & Smith St,40.6867443,-73.99063168
W 4 St & 7 Ave S,40.73401143,-74.00293877
E 11 St & 1 Ave,40.72953837,-73.98426726
E 7 St & Ave C,40.72412944090093,-73.97901266813278
Ave A & E 14 St,40.73031071000895,-73.98047178983688
35 Ave & 10 St,40.76315481910373,-73.93985509872437
W 45 St & 8 Ave,40.75929124,-73.98859651
3 Ave & E 72 St,40.7699426,-73.96060712
E 84 St & 1 Ave,40.77565541,-73.95068615
Broadway & W 36 St,40.75097711,-73.98765428
Carroll St & Smith St,40.680611,-73.99475825
Lafayette St & Jersey St,40.72456089,-73.99565293
Central Park W & W 103 St,40.79558954105342,-73.96188408136368
Richardson St & N Henry St,40.71907891179564,-73.94223690032959
Plaza St East & Flatbush Ave,40.673134,-73.969106
Hamilton Pl & W 140 St,40.822756,-73.951346
Concourse Village East & E 158 St,40.823732,-73.919379
Boston Rd & E 167 St,40.828199,-73.903719
31 St & 21 Ave,40.77813,-73.90842
Pulaski St & Marcus Garvey Blvd,40.6933982,-73.939877
Gerard Ave & E 164 St,40.830262,-73.923391
Chauncey St & Stuyvesant Ave,40.68012,-73.93168
Willis Ave & E 137 St,40.808384,-73.923604
45 Ave & 21 St,40.74737075646803,-73.94777297973631
20 Ave & 48 St,40.772899,-73.896849
5 Ave & 66 St,40.635679,-74.020005
Boone Ave & E 172 St,40.832649,-73.885272
Sterling St & Bedford Ave,40.6627059,-73.9569115
Douglass St & 4 Ave,40.6792788,-73.98154004
W 129 St & Convent Ave,40.814394437915816,-73.95324736833572
Madison St & Woodward Ave,40.70408,-73.90408
36 Ave & 31 St,40.75651272984955,-73.92957486212252
43 St & 50 Ave,40.73787237950538,-73.92264068126678
Broadway & W 25 St,40.74286877312112,-73.98918628692627
Wyckoff Av & Stanhope St,40.703545,-73.917775
Caton Ave & Argyle Rd,40.649681,-73.967829
2 Ave & 36 St,40.65708866668485,-74.00870203971863
W 27 St & 7 Ave,40.746647,-73.993915
W 16 St & The High Line,40.74334935,-74.00681753
Clinton St & Grand St,40.71559509,-73.9870295
E 188 St & Creston Ave,40.861669,-73.898589
LaGuardia Pl & W 3 St,40.72917025,-73.99810231
Prospect Pl & 6 Ave,40.6793307,-73.97519523
Broadway & W 38 St,40.7529728216068,-73.98734897375107
10 Ave & W 14 St,40.74198159994023,-74.00831580162048
Fort Washington Ave & W 173 St,40.84522,-73.940493
Pearl St & York St,40.70140463410644,-73.98768022656441
Brooklyn Bridge Park - Pier 2,40.698458,-73.997178
Throop Ave & Myrtle Ave,40.69622937,-73.94371094
Bus Slip & State St,40.701907,-74.013942
Steinway St & 23 Ave,40.7713937,-73.9077436
Eldert St & Bushwick Ave,40.68652,-73.91321
40 Ave & Crescent St,40.7535992020056,-73.93795609474182
42 Pl & Northern Blvd,40.753091,-73.920603
24 St & 5 Ave,40.659555,-73.995068
14 St & 7 Ave,40.663779,-73.98396846
E 161 St & Park Ave,40.824811,-73.916407
Broadway & 12 St,40.7668,-73.9347774
2 Ave & 32 St,40.659176,-74.006584
47 Ave & 48 St,40.74086,-73.91708
Southern Blvd & E 174 St,40.836733,-73.887931
Grand Concourse & E 192 St,40.86448,-73.89522
St. Ann's Ave & E 144 St,40.811112,-73.914932
48 St & 37 Ave,40.751555,-73.915026
20 Ave & Shore Blvd,40.785994,-73.915098
W 40 St & 7 Ave,40.754818,-73.988154
Beaver St & Fayette St,40.70099,-73.93921
Cadman Plaza E & Tillary St,40.69597683,-73.99014892
Centre St & Chambers St,40.71273266,-74.0046073
Sands St & Jay St,40.700119,-73.9862
Willis Ave & Bruckner Blvd,40.805701,-73.925177
Amsterdam Ave & W 82 St,40.78524672,-73.97667321
W 20 St & 8 Ave,40.74345335,-74.00004031
Lenox Ave & W 140 St,40.817245,-73.938787
Crescent St & Ditmars Blvd,40.7787185,-73.9145645
E 3 St & Church Ave,40.643817,-73.977433
Carroll St & Bond St,40.6786115,-73.99037292
39 Ave & 45 St,40.74947822183477,-73.91826465725897
Myrtle Ave & Marcy Ave,40.69539817,-73.94954908
36 St & Hunters Point Ave,40.73781699881193,-73.93024072051048
Morningside Dr & Amsterdam Ave,40.81028506306003,-73.95736455917358
6 Ave & 60 St,40.638196,-74.013821
59 St & 5 Ave,40.640125,-74.015726
E 156 St & Courtlandt Ave,40.82123860172,-73.9173299074173
Ogden Ave & W 164 St,40.832812,-73.929372
Barry St & Tiffany St,40.816126,-73.891559
55 St & Northern Blvd,40.75326,-73.90585
9 Ave & W 45 St,40.76019252,-73.9912551
W 44 St & 11 Ave,40.762009,-73.996975
W 56 St & 10 Ave,40.768254,-73.988639
Lenox Ave & W 115 St,40.8011939,-73.9500739
Lexington Ave & Classon Ave,40.68676793,-73.95928168
Carroll St & 6 Ave,40.6740886,-73.9787282
John St & William St,40.70862144,-74.00722156
31 St & Broadway,40.761584,-73.925921
Broadway & W 58 St,40.76695317,-73.98169333
Bond St & Bergen St,40.6849668,-73.98620772
10 St & 5 Ave,40.6686273,-73.98700053
Vesey Pl & River Terrace,40.7153379,-74.01658354
E 156 & Brook Ave,40.819823,-73.912411
E 56 St & Madison Ave,40.761573,-73.972628
Frederick Douglass Blvd & W 129 St,40.8125511,-73.9492286
University Ave & Brandt Pl,40.848354,-73.918389
50 St & 7 Ave,40.642501,-74.006055
W 140 St & Riverside Dr,40.824013,-73.954743
21 St & 43 Ave,40.75052534,-73.94594845
Prospect Ave & E 167 St,40.826303,-73.898751
Banker St & Meserole Ave,40.72606,-73.95621
Bulova Ave & Brooklyn Queens Expressway W,40.762507,-73.902534
Paul Ave & Mosholu Pkwy,40.880295,-73.886065
Bainbridge Ave & E 196 St,40.86648,-73.89042
Central Ave & Covert St,40.68929,-73.90951
W 17 St & 8 Ave,40.74177603,-74.00149746
Bergen St & Vanderbilt Ave,40.6794388,-73.9680438
DeKalb Ave & Vanderbilt Ave,40.68940747,-73.96885458
E 7 St & Avenue A,40.72621788,-73.98379855
Riverside Dr & W 148 St,40.829114,-73.950426
8 Ave & W 31 St,40.7505853470215,-73.9946848154068
Adam Clayton Powell Blvd & W 151 St,40.825289,-73.936232
W 11 St & 6 Ave,40.73532427,-73.99800419
62 St & 4 Ave,40.639859,-74.019776
S 4 St & Rodney St,40.70934,-73.95608
E 81 St & 3 Ave,40.77573034,-73.9567526
Adam Clayton Powell Blvd & W 123 St,40.8078316,-73.949373
E 41 St & Madison Ave (SW corner),40.752165280621966,-73.97992193698882
Westchester Ave & Southern Blvd,40.824956,-73.891677
Grand Ave & W 181 St,40.856302,-73.907302
Peck Slip & South St,40.7075188830923,-74.00108054280281
Greenpoint Ave & Manhattan Ave,40.73026,-73.95394
Wakeman Pl & Ridge Blvd,40.639421,-74.026823
Hunts Point Ave & Bryant Ave,40.813991,-73.8855
Windsor Pl & Howard Pl,40.65949055893896,-73.98013919591904
Knickerbocker Ave & Thames St,40.70539,-73.92976
30 Ave & 47 St,40.761294,-73.909562
Madison Ave & E 120 St,40.80295,-73.942954
34 Ave & 31 St,40.759604471387945,-73.92714411020279
Harrison Pl & Porter Ave,40.70686,-73.92851
4 Ave & Shore Road Dr,40.637033,-74.022141
Southern Blvd & E 149 St,40.811892,-73.904192
Wolcott St & Dwight St,40.6753274,-74.0100698
Ryer Ave & E 182 St,40.8558,-73.89956
69 St & 43 Ave,40.74179,-73.89564
Morgan Loading Docks,40.709306335794274,-73.93117547035216
Jerome Ave & E 164 St,40.831444,-73.926226
Harborside,40.7192517,-74.034234
Bradhurst Ave & W 148 St,40.825125,-73.941616
Nelson Ave & 167 St,40.83670566862804,-73.92608866095543
Sherman Ave & Thayer St,40.863124,-73.926994
Jerome Ave & W 177 St,40.850121,-73.910765
Jerome Ave & Ogden Ave,40.829797,-73.931015
Woodside Ave & Roosevelt Ave,40.74549,-73.90605
Crescent St & 35 Ave,40.7596276,-73.9321455
Broadway & W 51 St,40.76228826,-73.98336183
Bushwick Ave & Powers St,40.71247661,-73.94100005
W Broadway & W Houston St,40.726378,-74.000472
10 Ave & W 207 St,40.864632,-73.918598
W 35 St & Dyer Ave,40.754691750226016,-73.99740189313889
Devoe St & Morgan Ave,40.713811,-73.93515
Bedford Ave & Montgomery St,40.665816,-73.956934
Greenpoint Ave & 47 St,40.7424,-73.91808
47 Ave & Skillman Ave,40.7437524099784,-73.94176483154297
Park Ave & E 162 St,40.825716,-73.915585
Center Blvd & 48 Ave,40.745038,-73.957539
72 St & 41 Ave,40.7448,-73.89377
E 31 St & 3 Ave,40.74394314,-73.97966069
Andrew Ave N & Hall of Fame Tce,40.85834,-73.91008
E 141 St & Jackson Ave,40.806896,-73.911837
Vernon Blvd & 10 St,40.7671863,-73.9373554
State St & Smith St,40.68917,-73.9886
W Tremont Ave & Montgomery Ave,40.851788,-73.916418
W 155 St & Frederick Douglass Blvd,40.82923,-73.936996
Halsey St & Broadway,40.68565,-73.91564
Albany St & Greenwich St,40.709267,-74.013247
Park Ave & Marcus Garvey Blvd,40.698617,-73.941342
Amsterdam Ave & W 180 St,40.847396,-73.931205
Anderson Ave & W 164 St,40.832057,-73.927421
2 Av & 37 St,40.656326,-74.009627
Skillman Ave & 54 St,40.745502,-73.909887
Journal Square,40.73367,-74.0625
Morris Canal,40.7124188237569,-74.03852552175522
65 St & 2 Ave,40.640493,-74.02564
41 Ave & 67 St,40.74446,-73.89764
Grand Concourse & E 205 St,40.875531,-73.8863864831
34 St & 48 Ave,40.740821207823245,-73.93147185444832
Hazen St & 20 Ave,40.772092,-73.895166
Sumpter St & Fulton St,40.67923,-73.92588
E Tremont Ave & Jerome Ave,40.851747,-73.908964
Prospect Ave & E 151 St,40.814232,-73.903927
Washington Ave & E 174 St,40.843079,-73.900216
64 St & 3 Ave,40.639978,-74.02324
W Tremont Ave & Grand Ave,40.850036,-73.912785
Forsyth St	& Grand St,40.717798,-73.993161
Paulus Hook,40.7141454,-74.0335519
5 St & 6 Ave,40.6704836,-73.98208968
Central Park West & W 85 St,40.78476,-73.969862
Amsterdam Ave & W 79 St,40.7829391,-73.9786517
E 63 St & 3 Ave,40.763954,-73.9646
E 54 St & 1 Ave,40.756265,-73.964179
E 41 St & Madison Ave (SE corner),40.752049,-73.979635
Duane St & Hudson St,40.71703,-74.00925
Broadway & W 133 St,40.8190344,-73.956156
W 48 St &  Rockefeller Plaza,40.75776935448309,-73.97929430007935
W 56 St & 6 Ave,40.76340613,-73.97722479
65 St & Broadway,40.7493722738996,-73.89738768339157
Myrtle Ave & Lewis Ave,40.69681963,-73.93756926
21 St & 21 Ave,40.782465,-73.914527
Madison St & Malcolm X Blvd,40.68713,-73.93008
48 St & Broadway,40.755763,-73.912715
E 17 St & 2 Ave,40.73431166276575,-73.98372530937195
21 Ave & Crescent St,40.780478,-73.912212
Green St & McGuinness Blvd,40.73396,-73.95204
Bushwick Ave & Dekalb Ave,40.69502,-73.92825
Menahan St & Wyckoff Ave,40.70113,-73.91422
Liberty St & Broadway,40.70905623,-74.01043382
11 St & 43 Ave,40.7519071,-73.9479119
Wadsworth Ave & W 175 St,40.846052,-73.937648
5 Ave & W 126 St,40.80722,-73.9418
Convent Ave & W 151 St,40.82831,-73.942924
W 170 St & University Ave,40.84207,-73.926075
Bainbridge Ave & Bedford Park Blvd,40.87002,-73.88565
Willow Ave & 12 St,40.7518674823282,-74.03037697076797
E 169 St & Fox St,40.827184,-73.893721
Columbus Drive,40.71835519823214,-74.03891444206238
Morgan WH station,40.7098733,-73.9315939
Jackson Square,40.71113,-74.0789
14 St Ferry - 14 St & Shipyard Ln,40.75296063046496,-74.02435272932053
E 33 St & 1 Ave,40.74322681432173,-73.97449783980846
King St & Varick St,40.72789701409023,-74.00536268949507
Bergen St & Flatbush Ave,40.680944723477296,-73.97567331790923
Featherbed Ln & Nelson Ave,40.846011,-73.919637
39 Ave & 56 St,40.74838,-73.90699
Dwight St & Van Dyke St,40.67363551341504,-74.01195555925369
Johnson St & Gold St,40.69474881,-73.98362464
Prospect Park SW & Vanderbilt St,40.65482,-73.973217
St Marks Pl & 4 Ave,40.68177810928762,-73.97988975048065
W 20 St & 7 Ave,40.74238787,-73.99726235
St James Pl & Oliver St,40.71307916,-73.99851193
Broadway & Kosciuszko St,40.69329,-73.92852
Columbia St & Rivington St,40.71739973,-73.98016555
Bushwick Ave & McKibbin St,40.705517,-73.93936
E 147 St & Bergen Ave,40.814673,-73.91839
Cedar St & Evergreen Ave,40.69671,-73.92807
Knickerbocker Ave & George St,40.704425,-73.92836
Greenwich St & Rector St,40.70806582380646,-74.0135595202446
Irving Ave & DeKalb Ave,40.7027,-73.92095
E 95 St & 3 Ave,40.7849032,-73.950503
Carlton Ave & Flushing Ave,40.697787,-73.973736
Fulton St & Utica Ave,40.6794268,-73.9298911
Lewis Ave & Decatur St,40.6814598,-73.934903
Grand Ave & W Fordham Rd,40.86288,-73.90316
W 168th S & Fort Washington Ave,40.84210236102173,-73.9422395825386
Grand Concourse & E Mosholu Pkwy S,40.877964,-73.8847550291
Decatur Ave & Bedford Park Blvd,40.86813,-73.88412
W 145 St & Amsterdam Ave,40.825244,-73.947257
Walton Ave & E 171 St,40.840683,-73.915073
Amsterdam Ave & W 189 St,40.85318758861975,-73.92715752124786
Amsterdam Ave & W 186 St,40.851113,-73.928808
65 Pl & Woodside Ave,40.74334,-73.89903
McKibbin St & Bogart St,40.706237,-73.933871
Bialystoker Pl & Delancey St,40.71622644,-73.98261206
Jerome Ave & W 193 St,40.86659,-73.89794
E 165 St & Clay Ave,40.82809,-73.91288
Tiebout Ave & E Fordham Road,40.861915,-73.894831
49 St & 25 Ave,40.764496,-73.904632
12 Ave & 36 St,40.643546,-73.986418
Skillman Ave & Honeywell St,40.7471482490328,-73.92902433872223
E 158 St & Melrose Ave,40.822215,-73.914688
E 2 St & Avenue A,40.72307749068673,-73.98583620786667
W 22 St & 10 Ave,40.74691959,-74.00451887
W 42 St & 8 Ave,40.7575699,-73.99098507
E 6 St & Avenue D,40.72228087,-73.97668709
Washington Pl & Broadway,40.72903917,-73.99404649
E 14 St & Avenue B,40.72938685,-73.97772429
E 6 St & Avenue B,40.72453734,-73.98185424
27 St & Hunter St,40.7485,-73.941275
Monroe St & Bedford Ave,40.6851443,-73.95380904
E 10 St & Avenue A,40.72740794,-73.98142006
Prospect Park West & 8 St,40.66514681533792,-73.97637605667114
Jerome Ave & Bedford Park Blvd E,40.87307,-73.88971
East End Ave & E 86 St,40.77518615,-73.94446054
Sigourney St & Columbia St,40.67267243410948,-74.0087952464819
Broadway & Roebling St,40.70924826276157,-73.96063148975372
Central Ave & Decatur St,40.6882,-73.90798
Cabrini Blvd & W 177 St,40.848282,-73.941343
Carroll St & Franklin Ave,40.6679411,-73.9588
36 St & 47 Ave,40.74221834996096,-73.92935156822205
Ocean Pkwy & Church Ave,40.64471895763575,-73.97451460361481
Brook Ave & E 157 St,40.820713,-73.911759
34 St & 35 Ave,40.7569332,-73.9262231
Wilkins Ave & Crotona Park E,40.835302,-73.895133
Intervale Ave & Kelly St,40.827301,-73.896372
Cauldwell Ave & E 158 St,40.81989,-73.908351
Walnut Ave & E 136 St,40.801657,-73.909513
12 St & Sinatra Dr N,40.75060414236896,-74.02402013540268
E 81 St & Park Ave,40.77677702,-73.9590097
7 Ave & 40 St,40.648169,-74.000057
West St & Liberty St,40.711444,-74.014847
Classon Ave & St Marks Ave,40.6765198,-73.9596082
W 53 St & 10 Ave,40.76669671,-73.99061728
Pleasant Ave & E 120 St,40.7974772,-73.9311847
Lenox Ave & W 144 St,40.819783,-73.936521
Madison Ave & E 82 St,40.7781314,-73.96069399
Edgecombe Ave & W 145 St,40.823498,-73.94386
Franklin Ave & St Marks Ave,40.6758324,-73.9561677
MacDougal St & Prince St,40.72710258,-74.00297088
Boerum St & Broadway,40.70538077,-73.94976519
3 St & 3 Ave,40.6750705,-73.98775226
Westchester Ave & Longwood Ave,40.819701,-73.901311
39 St & Queens Blvd,40.74431,-73.92601
President St & Henry St,40.6828003,-73.99990419
Fort Washington Ave & W 183 St,40.852252,-73.937854
Harrison St & Hudson St,40.71870987,-74.0090009
W 107 St & Columbus Ave,40.7997568,-73.9621128676
E 144 St & Brook Ave,40.811675,-73.917037
Columbia St & Degraw St,40.6859296,-74.00242364
Caton Ave & E 10 St,40.648481,-73.97058
24 Ave & 26 St,40.774591,-73.918544
W 190 St & St. Nicholas Ave,40.854788,-73.929513
Beck St & Leggett Ave,40.815077,-73.899939
W 144 St & Adam Clayton Powell Blvd,40.820877,-73.939249
Van Dam St & Greenpoint Ave,40.73443564069459,-73.93790781497955
39 Ave & 54 St,40.74891,-73.90899
6 St & 7 Ave,40.6686627,-73.97988067
Waterloo Pl & Crotona Park East,40.839194,-73.888587
Faile St & Garrison Ave,40.820578,-73.888271
Thomas S. Boyland St & Fulton St,40.67854,-73.91367
Bergen Ave & Stegman St,40.70657545063453,-74.0867006778717
Bergen Ave & Sip Ave,40.73100888698729,-74.06443700194359
Monmouth and 6th,40.72568548362901,-74.04879033565521
York St & Marin Blvd,40.716615000830494,-74.0424120426178
Newport PATH,40.7272235,-74.0337589
Marshall St & 2 St,40.740802,-74.042521
Lab - NYC,40.75404038449624,-73.99646580219269
6 St & Grand St,40.7443978330956,-74.03450086712837
Morgan Bike Mechanics,40.70962789682351,-73.93145710229872
Bloomfield St & 15 St,40.75453,-74.02658
College Ave & E 169 St,40.835122799036405,-73.91196817159653
Baldwin at Montgomery,40.7236589,-74.0641943
Warren St,40.7211236,-74.03805095
Dey St,40.737711,-74.066921
8 St & Washington St,40.74598388291562,-74.02819901704788
South Waterfront Walkway - Sinatra Dr & 1 St,40.73698221818716,-74.02778059244156
Somers St & Rockaway Ave,40.67872,-73.91105
Columbus Dr at Exchange Pl,40.71687,-74.03281
Glenwood Ave,40.72755146730012,-74.07106071710587
9 St HBLR - Jackson St & 8 St,40.74790720968899,-74.03841152787209
Essex Light Rail,40.7127742,-74.0364857
Grove St PATH,40.71958611647166,-74.04311746358871
