start_station_name,start_lat,start_lng
St. Nicholas Ave & W 126 St,40.811388254,-73.951994538
Stuyvesant Ave & Gates Ave,40.688444972,-73.933194518
Broadway & Berry St,40.71036129922581,-73.96530389785767
W 84 St & Columbus Ave,40.78499979,-73.97283406
Pike St & Monroe St,40.71173107,-73.99193043
Plaza St West & Flatbush Ave,40.6750207,-73.97111473
W 31 St & 7 Ave,40.749156,-73.9916
Suydam St & Knickerbocker Ave,40.702013,-73.923769
W 15 St & 10 Ave,40.74275382865903,-74.00747358798981
E 65 St & 2 Ave,40.76471851944339,-73.96222069859505
Grand Concourse & E 166 St,40.832213044,-73.919052601
W 90 St & Amsterdam Ave,40.790080309,-73.972931027
India St & Manhattan Ave,40.73232194,-73.9550858
Amsterdam Ave & W 66 St,40.77444756,-73.984814405
E 39 St & 2 Ave,40.748046875,-73.973861933
Front St & Jay St,40.702461,-73.986842
W 10 St & Washington St,40.73342399437081,-74.00851495563984
Bayard St & Leonard St,40.71915571696044,-73.94885390996933
Goulden Ave & W 197 St,40.87156,-73.89714
E 74 St & 1 Ave,40.768994927,-73.954663277
E 80 St & 2 Ave,40.77391390238118,-73.9543953537941
E 88 St & 1 Ave,40.778301,-73.9488134
E 45 St & 3 Ave,40.75255434,-73.97282625
Adam Clayton Powell Blvd & W 118 St,40.804372,-73.951475
Roosevelt Island Tramway,40.757284,-73.9536
E 138 St & 5 Av,40.81449,-73.936153
Morris Ave & E 153 St,40.820036,-73.921411
Broadway & W 185 St,40.852538,-73.93441
3 Ave & E 174 St,40.842161894,-73.898547053
Dock St & Front St,40.702709,-73.99253
St. Nicholas Terrace & Convent Ave,40.821294,-73.947868
Bergen St & Vanderbilt Ave,40.6794388,-73.9680438
Willoughby Ave & Wyckoff Ave,40.705614,-73.92153
E 41 St & Madison Ave (SW corner),40.752631903,-73.980020165
Southern Blvd & E 149 St,40.811902404,-73.904241085
Douglass St & 3 Ave,40.6802133,-73.98432695
2 Ave & E 29 St,40.74172351097472,-73.97809267044067
W 15 St & 7 Ave,40.739415884,-73.999332666
Rutgers St & Henry St,40.71332151208186,-73.99009689688683
W 116 St & Broadway,40.808383942,-73.964562535
Hanson Pl & Ashland Pl,40.685107231,-73.977637053
21 St & 38 Ave,40.7576314,-73.9391224
Lexington Ave & E 24 St,40.74025878,-73.98409214
Melrose Ave & E 150 St,40.816827,-73.917338
31 St & Northern Blvd,40.75186951421875,-73.93349289894103
West End Ave & W 60 St,40.77237,-73.99005
11 Ave & W 41 St,40.76030096,-73.99884222
Knickerbocker Ave & Halsey St,40.693,-73.90824
Lafayette Ave & Classon Ave,40.68900443,-73.96023854
Willoughby Ave & Myrtle Ave,40.69757,-73.93098
Duffield St & Willoughby St,40.69221589,-73.9842844
Smith St & 3 St,40.6787242,-73.99599099
Clinton St & Cherry St,40.711471394469264,-73.98672603070736
E 10 St & 2 Ave,40.72970805644994,-73.9865979552269
Tinton Ave & E 165 St,40.824796,-73.90242
Mott St & Prince St,40.72317958,-73.99480012
5 Ave & E 29 St,40.7451677,-73.98683077
Amsterdam Ave & W 125 St,40.813358,-73.956461
Allen St & Rivington St,40.72019576,-73.98997825
31 Ave & Steinway St,40.76115787,-73.916991711
62 St & Northern Blvd,40.754176,-73.900318
W 16 St & The High Line,40.74334935,-74.00681753
Broadway & W 38 St,40.7529728216068,-73.98734897375107
W 27 St & 7 Ave,40.746647,-73.993915
Broadway & W 25 St,40.74286877312112,-73.98918628692627
10 Ave & W 14 St,40.74198159994023,-74.00831580162048
LaGuardia Pl & W 3 St,40.72917025,-73.99810231
Clinton St & Grand St,40.715633392,-73.987100244
Brooklyn Bridge Park - Pier 2,40.698458,-73.997178
Bus Slip & State St,40.701907,-74.013942
Wyckoff Av & Stanhope St,40.703531981,-73.918005109
Madison St & Woodward Ave,40.70408,-73.90408
Nassau St & Navy St,40.698399,-73.980689
Waterbury St & Stagg St,40.71019,-73.93734
Ditmars Blvd & 73 St,40.76817,-73.896293
Bedford Ave & Nassau Ave,40.723059773,-73.95223248
E 13 St & 2 Ave,40.73153937464073,-73.9853024482727
48 Ave & 5 St,40.744325638,-73.95579803
31 St & Ditmars Blvd,40.776168,-73.910485
W 50 St & 10 Ave,40.76473420006519,-73.99194359779358
E 163 St & Tiffany St,40.821083546,-73.895075321
E 27 St & Park Ave S,40.74275179648995,-73.9847157150507
W 107 St & Columbus Ave,40.7997568,-73.9621128676
MacDougal St & Prince St,40.72710258,-74.00297088
West St & Liberty St,40.711444,-74.014847
W 67 St & Broadway,40.77492513,-73.98266566
24 Ave & 26 St,40.774591,-73.918544
Pleasant Ave & E 120 St,40.7974772,-73.9311847
Lafayette Ave & St James Pl,40.688713789,-73.964808583
President St & Henry St,40.6828003,-73.99990419
Fulton Ave & E 168 St,40.830381513,-73.904598713
Lexington Ave & E 128 St,40.806414,-73.936085
Henry St & Grand St,40.7142452,-73.981074929
E 30 St & Park Ave S,40.74444921,-73.98303529
E 47 St & 2 Ave,40.75323098,-73.97032517
Amsterdam Ave & W 131 St,40.816345096,-73.954306245
E 51 St & 2 Ave,40.755293,-73.967641
E 89 St & York Ave,40.777929544,-73.945986629
E 56 St & 3 Ave,40.759178996,-73.967184901
E 118 St & 3 Ave,40.799139,-73.9389152
Congress St & Clinton St,40.68825516598005,-73.99545192718506
E 91 St & Park Ave,40.7835016,-73.955327
S 3 St & Bedford Ave,40.71260486,-73.96264403
E 16 St & 5 Ave,40.73726186,-73.99238967
Washington Square E,40.73049393,-73.9957214
Centre St & Worth St,40.71494807,-74.00234482
E 97 St & Madison Ave,40.787801,-73.953559
E 11 St & 3 Ave,40.73127,-73.98849
E 33 St & 5 Ave,40.74765947,-73.98490707
9 Ave & W 22 St,40.745262146,-74.002253056
Washington Ave & E 167 St,40.8300699,-73.907717824
Avenue D & E 12 St,40.72580614,-73.97422494
Adam Clayton Powell Blvd & W 132 St,40.813539,-73.94521
Stanton St & Mangin St,40.71782143,-73.97628939
E 25 St & 2 Ave,40.73912601,-73.97973776
Washington Pl & 6 Ave,40.73224119,-74.00026394
E 3 St & 1 Ave,40.72467721,-73.98783413
7 Ave & Central Park South,40.7667405590595,-73.9790689945221
E 5 St & Ave A,40.724532723,-73.983899713
Broadway & E 14 St,40.73454567,-73.99074142
6 Ave & W 33 St,40.74901271,-73.98848395
W 70 St & Amsterdam Ave,40.777419925,-73.982759118
E 20 St & Park Ave,40.73827428,-73.98751968
48 St & Barnett Ave,40.75001640425933,-73.91540944576263
Hart St & Wyckoff Ave,40.704876,-73.919911
Broadway & W 51 St,40.76228826,-73.98336183
Smith St & 9 St,40.6746957,-73.99785768
West St & Chambers St,40.71754834,-74.01322069
Bedford Ave & Montgomery St,40.665816,-73.956934
William St & Pine St,40.70717936,-74.00887308
Great Jones St,40.72743423,-73.99379025
W Broadway & W Houston St,40.726378,-74.000472
10 Ave & W 28 St,40.75066386,-74.00176802
Bushwick Ave & Powers St,40.71247661,-73.94100005
Driggs Ave & Lorimer St,40.72179134,-73.9504154
8 Ave & W 31 St,40.7505853470215,-73.9946848154068
Peck Slip & South St,40.7075188830923,-74.00108054280281
DeKalb Ave & Vanderbilt Ave,40.68940747,-73.96885458
W 11 St & 6 Ave,40.73532427,-73.99800419
Windsor Pl & Howard Pl,40.659586906,-73.980336308
Sands St & Jay St,40.700119,-73.9862
55 St & Northern Blvd,40.753146529,-73.905867457
Bleecker St & Crosby St,40.72615604980408,-73.99510189890862
Centre St & Chambers St,40.71273266,-74.0046073
Stanton St & Chrystie St,40.72229346,-73.99147535
W 20 St & 8 Ave,40.74345335,-74.00004031
31 Ave & 61 St,40.757494926,-73.901507139
Market St & Cherry St,40.71076228,-73.99400398
E 51 St & Lexington Ave,40.75714758,-73.97207836
Seaman Ave & Beak St,40.867505,-73.926363
W 148 St & Amsterdam Ave,40.827075,-73.945909
E 25 St & 1 Ave,40.7381765,-73.97738662
Washington Park,40.6917823,-73.9737299
W 17 St & 8 Ave,40.74177603,-74.00149746
Adam Clayton Powell Blvd & W 123 St,40.8078316,-73.949373
Madison Ave & E 120 St,40.80295,-73.942954
W 15 St & 6 Ave,40.738046142482766,-73.99642959237099
E 41 St & Madison Ave (SE corner),40.752049,-73.979635
Myrtle Ave & Lewis Ave,40.69681963,-73.93756926
E 63 St & 3 Ave,40.763954,-73.9646
5 St & 6 Ave,40.670480967,-73.982104301
Canal St & Rutgers St,40.71427487,-73.98990025
E 54 St & 1 Ave,40.756265,-73.964179
Amsterdam Ave & W 79 St,40.7829391,-73.9786517
W 48 St &  Rockefeller Plaza,40.757769,-73.979294
Central Park West & W 85 St,40.78476,-73.969862
W 12 St & Hudson St,40.73752993301071,-74.00558933615685
Atlantic Ave & Furman St,40.69165183,-73.9999786
Bushwick Ave & Dekalb Ave,40.69502,-73.92825
Wadsworth Ave & W 175 St,40.846052,-73.937648
Broadway & W 168 St,40.84089603193041,-73.93972098827362
W 55 St & 6 Ave,40.763189,-73.978434
Marcus Garvey Blvd & Macon St,40.682601,-73.938037
Riverside Dr & W 72 St,40.78057799010334,-73.98562431335449
E 40 St & Park Ave,40.750756,-73.978326
N Moore St & Hudson St,40.719902277,-74.008426309
Caton Ave & Argyle Rd,40.649681,-73.967829
40 Ave & Crescent St,40.7535992020056,-73.93795609474182
14 St & 7 Ave,40.663798213,-73.984028459
Prospect Pl & 6 Ave,40.679228067,-73.975046277
W 129 St & Convent Ave,40.814527154,-73.953497052
48 St & 37 Ave,40.751757264,-73.91501987
Sterling St & Bedford Ave,40.6627059,-73.9569115
E 9 St & 5 Ave,40.73275887045087,-73.99581670761108
Allen St & Hester St,40.71605866,-73.99190759
E 23 St & 1 Ave,40.736502,-73.97809472
Lincoln Ave & E 134 St,40.808484,-73.928803
W 53 St & 10 Ave,40.766518593,-73.990802288
Classon Ave & St Marks Ave,40.676458001,-73.959629059
Columbia St & Degraw St,40.6859296,-74.00242364
Edgecombe Ave & W 145 St,40.823510051,-73.944065571
3 St & 3 Ave,40.6750705,-73.98775226
Hudson St & W 13 St,40.74015379,-74.005342007
South St & Pike St,40.70991806921533,-73.99161100387573
Perry St & Greenwich Ave,40.735918,-74.000939
Grand St & Elizabeth St,40.718822,-73.99596
7 St & 3 Ave,40.672617435,-73.989687085
W 52 St & 6 Ave,40.76132983124814,-73.97982001304626
E 138 St & Park Ave,40.812655926,-73.929380298
3 Ave & E 62 St,40.76312584,-73.96526895
Kane St & Clinton St,40.6861758,-73.99645295
61 St & Laurel Hill Blvd,40.7388,-73.90338
St James Pl & Pearl St,40.71117416,-74.00016545
E 53 St & Madison Ave,40.759358406,-73.974022508
W 36 St & 7 Ave,40.752149,-73.989539
Sterling Pl & Bedford Ave,40.672695,-73.954131
Orchard St & Grand St,40.717318403855785,-73.99067759513855
South St & Gouverneur Ln,40.70355377,-74.00670227
Macombs Pl & W 152 St,40.826481462,-73.937861443
Hudson St & Reade St,40.716236949,-74.009166837
39 Dr & 52 St,40.74732,-73.91197
Morton St & West St,40.731421,-74.01078
Suydam St & Broadway,40.69544,-73.93223
W 56 St & 8 Ave,40.765959181657976,-73.98313522338867
Queens Blvd & 56 St,40.74193,-73.90913
Kent Ave & Division Ave,40.706563674670925,-73.9683187007904
Stanton St & Norfolk St,40.720747,-73.986274
Norfolk St & Broome St,40.7172274,-73.98802084
Warren St & Smith St,40.68542400997018,-73.99127773940563
W 35 St & 9 Ave,40.75414519263519,-73.9960889518261
Garfield Pl & 8 Ave,40.6711978,-73.97484126
Morningside Ave & W 123 St,40.809924722,-73.955175161
E 67 St & Park Ave,40.767830491,-73.965657115
Franklin Ave & Myrtle Ave,40.694452405,-73.958131671
Liberty St & Nassau St,40.70858894240581,-74.00935482235809
E 1 St & 1 Ave,40.72335597960796,-73.98864984512329
Washington St & Gansevoort St,40.739323,-74.008119
St Marks Pl & 1 Ave,40.72779126,-73.98564945
Grand St & Havemeyer St,40.71286844,-73.95698119
Union St & 4 Ave,40.6772744,-73.98282002
E 48 St & 5 Ave,40.75724567911726,-73.97805914282799
Madison Ave & E 99 St,40.78948541553215,-73.95242929458618
E 11 St & Avenue B,40.72746420692392,-73.97950418293476
Columbia St & Kane St,40.68763155,-74.0016256
Willis Ave & Bruckner Blvd,40.805701,-73.925177
6 Ave & 9 St,40.668127,-73.98377641
W 40 St & 7 Ave,40.754818,-73.988154
W 13 St & 7 Ave,40.73781509,-73.99994661
E 5 St & Cooper Sq,40.72769,-73.990993
8 Ave & W 38 St,40.75461,-73.99177
E 44 St & Lexington Ave,40.752643,-73.974996
Lefferts Pl & Franklin Ave,40.680342423,-73.9557689392
S 4 St & Rodney St,40.70934,-73.95608
E 81 St & 3 Ave,40.77573034,-73.9567526
Harrison Pl & Porter Ave,40.70686,-73.92851
Greenpoint Ave & Manhattan Ave,40.73026,-73.95394
Hope St & Union Ave,40.71167351,-73.95141312
Knickerbocker Ave & Moffat St,40.690434,-73.903737
Franklin St & Dupont St,40.73564,-73.95866
31 St & Astoria Blvd,40.7699176,-73.9184057
W 56 St & 6 Ave,40.76340613,-73.97722479
21 Ave & Crescent St,40.780478,-73.912212
5 Ave & E 72 St,40.77282817,-73.96685276
11 St & 43 Ave,40.7519071,-73.9479119
Madison St & Malcolm X Blvd,40.68713,-73.93008
Duane St & Hudson St,40.717331052,-74.009584904
E 188 St & Creston Ave,40.861641526,-73.898274422
Vernon Blvd & 31 Ave,40.7692475,-73.9354504
Boerum St & Broadway,40.70538077,-73.94976519
Caton Ave & E 10 St,40.648524165,-73.970509171
E 43 St & 2 Ave,40.750441432,-73.971011281
E 27 St & 1 Ave,40.739445,-73.976806
E 47 St & Park Ave,40.75510267,-73.97498696
W 113 St & Broadway,40.805973,-73.964928
Sheridan Ave & E 168 St,40.835274935,-73.915444136
West End Ave & W 107 St,40.8021174,-73.9681805305
Butler St & Court St,40.6849894,-73.99440329
E 68 St & 3 Ave,40.76712840349542,-73.96224617958069
W 37 St & 10 Ave,40.75660359,-73.9979009
Margaret Corbin Plz & Ft Washington Ave,40.859306216,-73.933831215
Broadway & W 142 St,40.82468617,-73.951905608
58 St & 2 Ave,40.644512,-74.021506
Cadman Plaza E & Tillary St,40.69595468,-73.990155816
Douglass St & 4 Ave,40.6792788,-73.98154004
Wales Ave & E 147 St,40.811301947,-73.907826662
Albemarle Rd & McDonald Ave,40.645074,-73.979681
Frederick Douglass Blvd & W 117 St,40.805159,-73.954692
E 16 St & Irving Pl,40.735367055605394,-73.98797392845154
Central Park West & W 72 St,40.77579376683666,-73.9762057363987
31 St & Newtown Ave,40.7675487799971,-73.9209334552288
1 Ave & E 18 St,40.73381219196632,-73.98054420948029
Lincoln Pl & Classon Ave,40.6721683,-73.9609
E 84 St & Park Ave,40.77862688,-73.95772073
12 Ave & W 40 St,40.76087502,-74.00277668
11 Ave & Prospect Ave,40.65629,-73.977335
Metropolitan Ave & Bedford Ave,40.71534825,-73.96024116
21 St & Queens Plaza North,40.75331533,-73.943554282
Morris Ave & E 163 St,40.827180028,-73.917720199
Riverside Dr & W 145 St,40.827300906,-73.951978207
Schermerhorn St & Hoyt St,40.688735127,-73.985372543
E 149 St & Morris Ave,40.817348599,-73.923003197
Amsterdam Ave & W 73 St,40.779474854,-73.981234193
Willis Ave & E 141 St,40.81093,-73.921606
1 Ave & E 44 St,40.749646664,-73.969290257
N 12 St & Bedford Ave,40.72079821,-73.95484712
Monroe St & Tompkins Ave,40.686183214,-73.944718361
S 4 St & Wythe Ave,40.71285887,-73.96590294
46 St & 30 Rd,40.760677934,-73.911055207
8 Ave & W 49 St,40.76171227910671,-73.98655101656914
Wyckoff Av & Jefferson St,40.707165,-73.923711
Bank St & Washington St,40.736110687,-74.008725166
48 St & Broadway,40.755763,-73.912715
Green St & McGuinness Blvd,40.73396,-73.95204
Liberty St & Broadway,40.70905623,-74.01043382
Metropolitan Ave & Meeker Ave,40.71413311,-73.95234386
3 Ave & E 163 St,40.823872,-73.908699
Union Ave & Wallabout St,40.70029511,-73.95032283
Powers St & Olive St,40.71323,-73.93894
Washington St & Laight St,40.72231,-74.0106
7 Ave & Park Pl,40.6776147,-73.97324283
E 85 St & 3 Ave,40.778024673,-73.954335332
Grand St & Samuel Dickstein Plaza,40.71511871996496,-73.98417055606842
9 Ave & W 18 St,40.74317449,-74.00366443
W 64 St & Thelonious Monk Circle,40.77515953434235,-73.98918695747852
W 18 St & 6 Ave,40.73971301,-73.99456405
W 120 St & Claremont Ave,40.8109494,-73.9634
W 42 St & 6 Ave,40.755216479,-73.984683275
McGuinness Blvd & Eagle St,40.73555,-73.95284
8 Ave & W 52 St,40.76370739,-73.9851615
Union Ave & N 12 St,40.71924,-73.95242
E 138 St & Willow Ave,40.804248095,-73.911671519
E 4 St & 2 Ave,40.726231933,-73.989626884
Kent Ave & N 7 St,40.72051239,-73.961530566
Pacific St & Nevins St,40.6853761,-73.98302136
Lexington Ave & E 26 St,40.741459,-73.983293
West End Ave & W 78 St,40.783786,-73.981687
2 Ave & E 31 St,40.74290902,-73.97706058
30 Ave & 47 St,40.761323929,-73.909582853
1 St & 6 Ave,40.672784,-73.979826
Fulton St & William St,40.709750652,-74.006515622
5 St & Market St,40.6999974843885,-73.97440128028393
W 110 St & Amsterdam Ave,40.802692,-73.96295
Central Ave & Starr Street,40.700003,-73.92834
W 35 St & Dyer Ave,40.754691750226016,-73.99740189313889
Flushing Ave & Vanderbilt Ave,40.69795031569544,-73.97077560424805
Devoe St & Morgan Ave,40.713811,-73.93515
West Drive & Prospect Park West,40.6610633719006,-73.97945255041122
Carroll St & Columbia St,40.6830456,-74.00348559
E 48 St & 3 Ave,40.7546011026,-73.971878855
E 39 St & Lexington Ave,40.749354005,-73.976911783
E 20 St & FDR Dr,40.733208626522426,-73.9756813647
Lafayette St & E 8 St,40.73020660529954,-73.99102628231049
1 Ave & E 6 St,40.72633085971696,-73.98616880178452
6 Ave & W 45 St,40.756951,-73.982631
Market St & Henry St,40.71310702305908,-73.99446353316307
Riverside Dr & W 82 St,40.78720869,-73.98128127
Christopher St & Greenwich St,40.73291553,-74.00711384
E 22 St & 2 Ave,40.73716919369882,-73.98122549057007
Van Brunt St & Van Dyke St,40.6758329439129,-74.01472628116608
Chauncey St & Malcolm X Blvd,40.680475473,-73.92823422
5 Ave & 3 St,40.6728155,-73.98352355
E 4 St & Ave B,40.72334683218016,-73.98265913128853
E 26 St & 3 Ave,40.74069317733043,-73.98160636425018
W 47 St & 9 Ave,40.76153045158114,-73.99007007479668
Freeman St & Southern Blvd,40.830158353,-73.892159462
Halsey St & Tompkins Ave,40.68232429,-73.943979621
Broadway & W 155 St,40.83299,-73.94592
61 St & Woodside Ave,40.745140672,-73.903553009
E 114 St & 1 Ave,40.794509768,-73.936090589
Alexander Ave & E 134 St,40.807287812,-73.927106142
6 Ave & W 34 St,40.749708056,-73.988172531
Cleveland Pl & Spring St,40.722103786686034,-73.99724900722504
1 Ave & E 62 St,40.7612274,-73.96094022
Park Cir & East Dr,40.651566,-73.972212
2 Ave & E 96 St,40.7839636,-73.9471673
Cathedral Pkwy & Broadway,40.804319382,-73.967020869
Riverside Dr & W 91 St,40.793144941,-73.977016687
Kenmare St & Elizabeth St,40.720522523,-73.994820833
49 Ave & 21 St,40.74252,-73.948852
E 106 St & 1 Ave,40.7892529,-73.93956237
Kent St & McGuinness Blvd,40.73124,-73.95161
Greene Ave & Grandview Ave,40.70964396,-73.907789111
Ave D & E 8 St,40.72368361,-73.97574813
W 21 St & 6 Ave,40.74173969,-73.99415556
Kosciuszko St & Nostrand Ave,40.690730095,-73.951366305
Franklin Ave & E 169 St,40.83171,-73.90208
Amsterdam Ave & W 136 St,40.819746,-73.951819
W 49 St & 8 Ave,40.76227205,-73.98788205
Congress St & Hicks St,40.689384937,-73.999399781
46 St & 28 Ave,40.763328,-73.908782
E Mosholu Pkwy & E 204 St,40.874161363,-73.883375049
43 Ave & 40 St,40.745646477,-73.924069166
21 St & 4 Ave,40.662584,-73.995554
Vesey St & Church St,40.71221958009051,-74.01047229766846
E 102 St & 1 Ave,40.7869946,-73.94164802
South St & Whitehall St,40.70118773,-74.012408257
W 35 St & 8 Ave,40.752762088742045,-73.99280458705107
Berkeley Pl & 6 Ave,40.67653,-73.978469
Pinehurst Ave & W 187 St,40.855331,-73.937878
E 82 St & East End Ave,40.7724607,-73.9468208
St Nicholas Ave & Manhattan Ave,40.809725,-73.953149
3 Ave & Schermerhorn St,40.68683208,-73.9796772
2 Ave & E 125 St,40.802554,-73.933509
W 33 St & 10 Ave,40.75377336836039,-73.99937599897385
3 Ave & 17 St,40.666168,-73.995549
Washington Ave & Greene Ave,40.68650065,-73.96563307
Adam Clayton Powell Blvd & W 151 St,40.825204849,-73.936322451
5 Ave & W 126 St,40.80722,-73.9418
Creston Ave & E 178 St,40.850885,-73.906469
Cedar St & Myrtle Ave,40.697842,-73.926241
North Moore St & Greenwich St,40.720184445,-74.010112762
Spruce St & Nassau St,40.71146364,-74.00552427
Ave A & E 11 St,40.72854745023944,-73.98175925016403
Underhill Ave & Lincoln Pl,40.673940897,-73.967182159
Stagg St & Union Ave,40.70877084,-73.95095259
E 149 St & Park Ave,40.818159938,-73.92527771
India St Pier,40.731734785883454,-73.9612390102593
Henry St & Degraw St,40.6847514,-73.99917254
Reade St & Broadway,40.714794874,-74.005862594
Willoughby Ave & Walworth St,40.693328738,-73.953926802
W 24 St & 7 Ave,40.744753838,-73.995524168
University Pl & E 8 St,40.73143724085228,-73.99490341544151
Frost St & Debevoise Ave,40.71882,-73.93948
St. Ann's Av & Bruckner Blvd,40.803399,-73.919763
E 81 St & Park Ave,40.776675105,-73.958927035
Central Park West & W 68 St,40.773462892,-73.977774978
Franklin Ave & St Marks Ave,40.6758324,-73.9561677
39 St & Queens Blvd,40.74431,-73.92601
Myrtle Ave & Fleet Pl,40.693534,-73.981909
12 Ave & W 125 St,40.818299,-73.960405
W 34 St & 11 Ave,40.75594159,-74.0021163
Bergen St & Flatbush Ave,40.681030035,-73.975760221
W 20 St & 7 Ave,40.74238787,-73.99726235
Decatur Ave & Bedford Park Blvd,40.86813,-73.88412
Featherbed Ln & Nelson Ave,40.846011,-73.919637
St James Pl & Oliver St,40.71307916,-73.99851193
Dwight St & Van Dyke St,40.673551917,-74.012076735
Broadway & Kosciuszko St,40.693530917,-73.928690672
E 95 St & 3 Ave,40.7849032,-73.950503
Amsterdam Ave & W 186 St,40.851024985,-73.928974628
St Marks Pl & 4 Ave,40.68177810928762,-73.97988975048065
Carlton Ave & Flushing Ave,40.697787,-73.973736
Bushwick Ave & McKibbin St,40.705517,-73.93936
Grand Ave & W Fordham Rd,40.862886906,-73.903177619
Johnson St & Gold St,40.69474881,-73.98362464
Washington St & Barrow St,40.73191132323174,-74.008769094944
9 Ave & W 45 St,40.76019252,-73.9912551
W 44 St & 11 Ave,40.761779189,-73.997148752
W 56 St & 10 Ave,40.768323302,-73.98884058
Vesey Pl & River Terrace,40.7153379,-74.01658354
2 Ave & E 72 St,40.7687620293096,-73.95840793848038
Broadway & W 58 St,40.76695317,-73.98169333
21 St & 43 Ave,40.75052534,-73.94594845
Carroll St & 6 Ave,40.6740886,-73.9787282
E 77 St & 3 Ave,40.77314236,-73.95856158
E 56 St & Madison Ave,40.761573,-73.972628
John St & William St,40.70862144,-74.00722156
10 St & 5 Ave,40.668662786,-73.986965895
Central Ave & Covert St,40.68929,-73.90951
W 42 St & 8 Ave,40.7575699,-73.99098507
Prospect Park West & 8 St,40.664949298,-73.976340771
E 6 St & Avenue D,40.72228087,-73.97668709
Washington Pl & Broadway,40.72903917,-73.99404649
E 10 St & Avenue A,40.72740794,-73.98142006
27 St & Hunter St,40.7485,-73.941275
W 22 St & 10 Ave,40.74691959,-74.00451887
Scholes St & Manhattan Ave,40.708663106,-73.944955587
Broadway & Roebling St,40.709261179,-73.960641623
E 12 St & Ave C,40.727243,-73.976831
Riverside Dr & W 138 St,40.823125839,-73.955886602
W 22 St & 8 Ave,40.74475148,-73.99915362
Leonard St & Nassau Ave,40.723811746,-73.949599743
59 St & 5 Ave,40.640125,-74.015726
W 84 St & Broadway,40.7867947,-73.977112
45 St & 4 Ave,40.649145,-74.009486
Wards Meadow Comfort Station,40.78294,-73.93077
Stagg St & Morgan Ave,40.710579395,-73.933691978
6 Ave & Canal St,40.72243797,-74.00566443
4 Ave & 9 St,40.6705135,-73.98876585
Broadway & E 19 St,40.73866091428551,-73.98987293243407
W 13 St & 5 Ave,40.735445,-73.99431
Lexington Ave & E 36 St,40.7475739589548,-73.9788007736206
Warren St & W Broadway,40.71473993,-74.00910627
Warren St & Court St,40.686371,-73.99383324
Van Buren St & Broadway,40.692,-73.92617
Central Park North & Adam Clayton Powell Blvd,40.799484,-73.955613
E 2 St & 2 Ave,40.72502876,-73.99069656
E Houston St & Columbia St,40.71978635452822,-73.97871628403664
Willoughby Ave & Hall St,40.69196035,-73.96536851
Henry St & Atlantic Ave,40.691004157,-73.996181846
21 St & 21 Ave,40.782485962,-73.914484143
W 170 St & University Ave,40.84207,-73.926075
Harrison St & Hudson St,40.71870987,-74.0090009
Columbus Ave & W 95 St,40.7919557,-73.968087
Madison Ave & E 82 St,40.778068066,-73.960808277
Lispenard St & Broadway,40.71939226,-74.00247214
E 102 St & Park Ave,40.7904828,-73.95033068
Plaza Dr & W 170 St,40.840512276,-73.917930961
West Thames St,40.70834698,-74.01713445
Broadway & Morris St,40.705945132708806,-74.01321887969969
Mercer St & Spring St,40.723796129,-73.999191523
W 89 St & Columbus Ave,40.7882213,-73.97041561
Jay St & York St,40.70140317257725,-73.98672670125961
Park Ave & E 124 St,40.8045555,-73.9396861
E 97 St & 3 Ave,40.7859201,-73.94860294
W 87 St & Amsterdam Ave,40.78839,-73.9747
Forsyth St & Canal St,40.715882182,-73.994187117
Clinton St & Joralemon St,40.69239502,-73.99337909
Bushwick Ave & Harman St,40.693582535,-73.925317764
Jefferson St & Cypress Ave,40.70907,-73.92157
Driggs Ave & N Henry St,40.72325,-73.94308
Cedar Ave & W Fordham Rd,40.86156,-73.91219
W 37 St & 5 Ave,40.75038,-73.98339
W Broadway & Spring St,40.72494672359416,-74.00165855884552
Jackson St & Leonard St,40.71638031973561,-73.94821286201477
Grand Concourse & E 164 St,40.829608,-73.921461
W 42 St & Dyer Ave,40.758901238,-73.993753314
6 Ave & Walker St,40.719569325,-74.00516057
8 Ave & W 27 St,40.747968,-73.996637
E 17 St & Broadway,40.73704984,-73.99009296
6 Ave & 21 St,40.66019237,-73.990873098
E 72 St & York Ave,40.76663814,-73.95348296
University Pl & E 14 St,40.734814,-73.992085
E 51 St & 1 Ave,40.75455731,-73.96592976
Old Fulton St,40.70277159,-73.99383605
1 Ave & E 30 St,40.74144387,-73.97536082
Berkeley Pl & 7 Ave,40.675146838709786,-73.97523209452629
Broadway & W 29 St,40.7462009,-73.98855723
W 36 St & 9 Ave,40.75462324029105,-73.99516761302948
W 44 St & 5 Ave,40.75500254,-73.98014437
E 106 St & Madison Ave,40.7934337,-73.94945003
21 St & 23 Ave,40.778557,-73.919046
Division St & Bowery,40.714193,-73.996732
Greenwich St & Hubert St,40.721319,-74.010065
Nassau Ave & Newell St,40.724812564400175,-73.94752621650696
Walton Ave & E 153 St,40.822351,-73.926907
Dean St & Hoyt St,40.686444,-73.987591
Columbia Heights & Cranberry St,40.700379,-73.995481
31 Rd & 21 St,40.766824,-73.930486
Melrose St & Broadway,40.69757545,-73.935760379
Sullivan St & Washington Sq,40.73047747,-73.99906065
W 87 St & West End Ave,40.789998174,-73.97759974
Dahill Rd & 12 Ave,40.646037,-73.980963
Stockholm St & Wilson Ave,40.699304,-73.923044
Union Ave & Jackson St,40.7160751,-73.952029
Broadway & 51 St,40.754164,-73.908906
21 Ave & Shore Blvd,40.783956,-73.916894
4 Ave & E 12 St,40.732647,-73.99011
W 144 St & Adam Clayton Powell Blvd,40.820913553,-73.939215899
Lenox Ave & W 144 St,40.819783,-73.936521
E 144 St & Brook Ave,40.811720848,-73.917036176
Cadman Plaza E & Red Cross Pl,40.699691534,-73.989732742
W 41 St & 8 Ave,40.756816626,-73.989829063
Willoughby Ave & Tompkins Ave,40.694249868,-73.946340203
Old Slip & South St,40.703785181,-74.007877588
Cooper Square & Astor Pl,40.72951496224949,-73.99075269699097
Bayard St & Baxter St,40.71602118,-73.99974372
George St & Wilson Ave,40.702985168,-73.930027962
Spring St & Hudson St,40.72583996792375,-74.0076532959938
Lenox Ave & W 111 St,40.7987859,-73.9523
31 Pl & Hunters Point Ave,40.74021356884924,-73.93537044525146
Ditmars Blvd & 19 St,40.78145,-73.9183302
Water St & Gouverneur Ln,40.70469667894968,-74.00803416967392
36 St & Ditmars Blvd,40.774306,-73.908335
Nassau Ave & Russell St,40.725591421,-73.943887115
Fulton St & Broadway,40.711066,-74.009447
W 104 St & Amsterdam Ave,40.79904139288298,-73.96649479866028
Fulton St & Irving Pl,40.68186,-73.959432
Myrtle Ave & St Edwards St,40.69327018,-73.97703874
Bay St & Court St,40.671409,-74.001328
Valentine Ave & E 183 St,40.857109427,-73.898164749
Hicks St & Montague St,40.69512845,-73.99595065
34 Ave & 31 St,40.759516239,-73.927098036
30 Ave & 41 St,40.763422,-73.914142
3 Ave & Carroll St,40.676868081,-73.986549258
Rockaway Ave & Bainbridge St,40.683233619,-73.911595345
Fulton Ave & E 172 St,40.839228272,-73.899024248
28 Ave & 44 St,40.76408932350688,-73.91065120697021
Pike St & E Broadway,40.714156628,-73.992972612
7 Ave & 40 St,40.648169,-74.000057
Waterloo Pl & Crotona Park East,40.839246392,-73.888562918
Thomas S. Boyland St & Fulton St,40.678655028,-73.913730383
Putnam Ave & Knickerbocker Ave,40.69545,-73.91164
4 Ave & 3 St,40.673746,-73.985649
Westchester Ave & Longwood Ave,40.819859862,-73.901351333
Fort Washington Ave & W 183 St,40.852257729,-73.937840819
Lawrence St & Willoughby St,40.69236178,-73.98631746
Broadway & Battery Pl,40.70463334,-74.01361706
Albany St & Greenwich St,40.709856868,-74.01311481
Riverside Dr & W 148 St,40.829114,-73.950426
Jerome Ave & E 164 St,40.831444,-73.926226
34 Ave & 48 St,40.75388,-73.914952
51 St & 43 Ave,40.74451,-73.91412
Wilson Ave & Troutman St,40.70166,-73.92754
53 St & 4 Ave,40.644999981,-74.01459372
43 St & 35 Ave,40.754139,-73.919543
Cliff St & Fulton St,40.70838,-74.00495
53 St & 2 Ave,40.64744,-74.018846
Menahan St & Wyckoff Ave,40.7010566,-73.914279461
Bushwick Ave & Linden St,40.69146,-73.92146
20 Ave & 31 St,40.780144453,-73.906817913
1 Ave & E 110 St,40.79228425,-73.938160181
Bainbridge Ave & Bedford Park Blvd,40.87002,-73.88565
E 171 St & 3 Ave,40.837183595,-73.902207732
55 St & 5 Ave,40.642408,-74.013318
72 St & Woodside Ave,40.742910147,-73.892875314
MacDougal St & Rockaway Ave,40.680094123,-73.911557317
Broadway & W 133 St,40.819141269,-73.956100941
2 Ave & 36 St,40.65708866668485,-74.00870203971863
3 Ave & E 169 St,40.832665086,-73.905341029
Southern Blvd & E 174 St,40.836733,-73.887931
Commerce St & Van Brunt St,40.6812117,-74.00860912
Amsterdam Ave & W 172 St,40.842173,-73.935111
E 118 St & 1 Ave,40.79747,-73.93504
W 51 St & 6 Ave,40.760962605,-73.980590463
Pioneer St & Van Brunt St,40.679040313,-74.011186361
Union St & Nevins St,40.67909799721684,-73.98765474557877
E 17 St & 2 Ave,40.734296799,-73.983763337
E 7 St & Avenue A,40.72621788,-73.98379855
Van Dam St & Greenpoint Ave,40.73443564069459,-73.93790781497955
Beck St & Leggett Ave,40.815191746,-73.899870396
36 St & 4 Ave,40.654167414,-74.004216433
Grand Army Plaza & Central Park S,40.7643971,-73.97371465
W 51 St & Rockefeller Plaza,40.75973805251143,-73.97811613976955
W 50 St & 9 Ave,40.76360467795863,-73.98917958140373
St Nicholas Ave & W 150 St,40.826444268,-73.943068385
E 53 St & Lexington Ave,40.758123994,-73.970807552
5 Ave & E 78 St,40.77632142182271,-73.96427392959595
W 106 St & Amsterdam Ave,40.800612807,-73.96654582
Forsyth St & Broome St,40.71893904,-73.99266288
Adelphi St & Myrtle Ave,40.69308257,-73.97178913
3 Ave & E 170 St,40.834857,-73.903743
34 Ave & 45 St,40.754800558,-73.917015791
Greenwich St & W Houston St,40.72844243,-74.008642793
Eastern Pkwy & Franklin Ave,40.6707767,-73.9576801
Little West St & 1 Pl,40.70569254,-74.01677685
Broadway & W 56 St,40.7652654,-73.98192338
Cambridge Pl & Gates Ave,40.684848309,-73.963136077
W 26 St & 8 Ave,40.74734825,-73.99723551
36 St & 3 Ave,40.655716,-74.006664
Franklin St & W Broadway,40.71911552,-74.00666661
58 St & Pier 4,40.646475,-74.026081
Church Ave & McDonald Ave,40.642809,-73.979239
E 118 St & Madison Ave,40.8014866,-73.9442507
25 Ave & 41 St,40.767692924,-73.911132216
Coffey St & Conover St,40.677236,-74.015665
N 15 St & Wythe Ave,40.724055,-73.955736
Ashland Pl & Dekalb Ave,40.690065,-73.978776
Greenwich St & Perry St,40.73498,-74.00697
Columbus Ave & W 72 St,40.7770575,-73.97898475
47 Ave & 48 St,40.74086,-73.91708
36 Ave & 31 St,40.756521106,-73.92941916
36 St & 47 Ave,40.742225885,-73.929403424
E 6 St & Avenue B,40.72453734,-73.98185424
E 14 St & Avenue B,40.72938685,-73.97772429
E 2 St & Avenue A,40.72307749068673,-73.98583620786667
Monroe St & Bedford Ave,40.685111403,-73.953845263
Sigourney St & Columbia St,40.672727704,-74.009034395
Central Ave & Decatur St,40.688093066,-73.907782555
Eldert St & Bushwick Ave,40.686521649,-73.913204074
Concord St & Bridge St,40.697631359,-73.984812379
Grand Concourse & E 192 St,40.864640951,-73.89512074
Throop Ave & Myrtle Ave,40.69622937,-73.94371094
Steinway St & 23 Ave,40.7713937,-73.9077436
E 161 St & Park Ave,40.824811,-73.916407
24 St & 5 Ave,40.659555,-73.995068
20 Ave & Shore Blvd,40.785905123,-73.915014267
42 Pl & Northern Blvd,40.753091,-73.920603
Fort Washington Ave & W 173 St,40.845170617,-73.940570474
Broadway & 12 St,40.7668,-73.9347774
Hancock St & Wyckoff Ave,40.697213292,-73.906640887
Steinway St & 28 Ave,40.7656251,-73.9136695
E Tremont Ave & E 176 St,40.847798,-73.901883
Leonard St & Maujer St,40.710257292,-73.946951032
21 St & 36 Ave,40.7601853,-73.9362726
5 Ave & E 87 St,40.782323,-73.959875
Steinway St & 21 Ave,40.774831653,-73.903630853
MacDougal St & Washington Sq,40.73226398,-73.99852205
Park Ave & E 162 St,40.825716,-73.915585
Courtlandt Ave & E 149 St,40.816402,-73.919549
E 88 St & Park Ave,40.781410700190015,-73.95595908164978
E 31 St & 3 Ave,40.74394314,-73.97966069
2 Ave & E 122 St,40.8006721,-73.9349
Broadway\t& W 48 St,40.76017739537783,-73.98486793041229
43 St & Broadway,40.7577284,-73.9166368
Macombs Rd & W 175 St,40.848049998,-73.916116595
Clay Ave & Claremont Pkwy,40.83999,-73.90549
Monroe St & Classon Ave,40.6845683,-73.95881081
46 St & 6 Ave,40.645878553,-74.005679846
W 190 St & St. Nicholas Ave,40.854788,-73.929513
E 149 St & Eagle Ave,40.814046,-73.91186
Crescent St & Broadway,40.763359,-73.928647
E 170 St & Clay Ave,40.837213,-73.908345
Paul Ave & W 205 St,40.876981258,-73.889602542
Grand Concourse & E 156 St,40.823332667,-73.924732089
Concourse Village West & E 156 St,40.823162,-73.923267
20 Ave & 38 St,40.777112,-73.902382
Forsyth St\t& Grand St,40.71779817737835,-73.99316132068634
4 Ave & 26 St,40.660079,-73.998633
8 Ave & W 24 St,40.74591072834279,-73.99807110428809
Frederick Douglass Blvd & Harlem River Dr,40.830702,-73.936371
E 81 St & York Ave,40.7728384,-73.94989233
Bond St & Bergen St,40.6849668,-73.98620772
W 45 St & 8 Ave,40.759395838,-73.988766432
35 Ave & 10 St,40.76315481910373,-73.93985509872437
Boone Ave & E 172 St,40.832683682,-73.885266066
Ave A & E 14 St,40.73031071000895,-73.98047178983688
31 St & 21 Ave,40.77823174,-73.908195138
Lafayette St & Jersey St,40.72441268,-73.995710611
Plaza St East & Flatbush Ave,40.673173428,-73.969151735
45 Ave & 21 St,40.747375488,-73.947962761
Meserole Ave & Manhattan Ave,40.72708584,-73.95299117
31 St & 23 Ave,40.774823546,-73.912371516
E 142 St & 3 Ave,40.812740207,-73.923611403
St Marks Pl & 2 Ave,40.7284186,-73.98713956
E 1 St & Bowery,40.724703312,-73.992307186
University Ave & W 168 St,40.838706,-73.927034
Prospect Pl & Underhill Ave,40.6769694,-73.96579
Rogers Ave & Sterling St,40.6630619,-73.9538746
W 29 St & 9 Ave,40.7500727,-73.99839279
W 76 St & Columbus Ave,40.780215859,-73.9773072
Dyckman St & Staff St,40.868846,-73.931537
1 Ave & E 39 St,40.74714,-73.97113
Adams St & Prospect St,40.70076308326151,-73.98869812488556
Central Ave & Himrod St,40.69676,-73.92302
Water St & Main St,40.703212,-73.990409
43 St & Skillman Ave,40.747117639,-73.920845032
Convent Ave & W 151 St,40.82831,-73.942924
E 9 St & Avenue C,40.72521311,-73.97768752
Church Ave & Story St,40.642031,-73.981073
Manhattan Av & Leonard St,40.72084,-73.94844
12 St & 4 Ave,40.668603,-73.9904394
W 159 St & Edgecombe Ave,40.833488226,-73.939365983
E 50 St & Park Ave,40.757334,-73.974235
E 169 St & Webster Ave,40.834021926,-73.909049392
St. Ann's Ave & E 144 St,40.811112,-73.914932
Clinton Ave & Myrtle Ave,40.693261,-73.968896
3 Ave & E 172 St,40.839520097,-73.90030539
7 Ave S & Bleecker St,40.73213896287381,-74.00363802909851
E 20 St & 2 Ave,40.73587678,-73.98205027
FDR Drive & E 35 St,40.744219,-73.97121214
E 12 St & 3 Ave,40.73223272,-73.98889957
Gansevoort St & Hudson St,40.73944820130404,-74.00507032871246
Emerson Pl & Myrtle Ave,40.69363137,-73.96223558
State St & Smith St,40.68917,-73.9886
Halsey St & Broadway,40.68565,-73.91564
Ft. Hamilton Pkwy & E 5 St,40.649037,-73.97673
E 6 St & 2 Ave,40.72737869323223,-73.98840844631195
Astoria Park S & Shore Blvd,40.7767,-73.927631
38 Ave & 29 St,40.754704595,-73.933692694
Grant Ave & E 169 St,40.835833907,-73.913661242
Broadway	& W 48 St,40.760177,-73.984868
Lenox Ave & W 126 St,40.808222771,-73.945357084
Dean St & Franklin Ave,40.677547216,-73.955759764
Murray St\t& West St,40.71503,-74.01246
Bushwick Ave & Furman Ave,40.68281,-73.90623
E 150 St & Gerard Ave,40.820089,-73.928947
Ditmars Blvd & 79 St,40.768728,-73.890745
DeKalb Ave & Hudson Ave,40.689888,-73.981013
8 Ave & W 33 St,40.751551,-73.993934
Thompson St & Bleecker St,40.72840059450829,-73.99968780577183
Frederick Douglass Blvd & W 129 St,40.8125511,-73.9492286
W 47 St & 10 Ave,40.76269882,-73.99301222
Gramercy Park N & Gramercy Park E,40.73795,-73.98509
E 13 St & Avenue A,40.72966729392978,-73.98067966103554
Broadway & Furman Ave,40.68139,-73.90756
Madison Ave & E 26 St,40.742684734875695,-73.98671329021454
Broadway & W 37 St,40.75155735,-73.98761332
1 Ave & E 68 St,40.76500525,-73.95818491
Lexington Ave & E 111 St,40.79522121,-73.944157243
5 Ave & E 103 St,40.7922553,-73.95249933
10 St & 7 Ave,40.666169524,-73.981925249
E 53 St & 3 Ave,40.75763227739443,-73.96930575370789
E 7 St & Ave B,40.7251285241158,-73.98131668567657
Pearl St & York St,40.70140463410644,-73.98768022656441
W 100 St & Manhattan Ave,40.795,-73.9645
Flatbush Ave & Ocean Ave,40.663657,-73.963014
E 40 St & 5 Ave,40.752062201,-73.981955767
Perry St & Bleecker St,40.73535398,-74.00483091
Eastern Pkwy & Washington Ave,40.6716493,-73.9631145
Dock 72 Way & Market St,40.69985,-73.97141
Leonard St & Boerum St,40.70583339,-73.94644578
Lewis Ave & Madison St,40.686312,-73.935775
St Nicholas Ave & W 134 St,40.816234,-73.948222
Broadway & W 192 St,40.857994,-73.932173
Adam Clayton Powell Blvd & W 130 St,40.812346,-73.946168
E 15 St & 3 Ave,40.734232,-73.986923
31 St & Hoyt Ave N,40.7711528,-73.9170074
Montrose Ave & Bushwick Ave,40.707667112,-73.940127373
Cypress Ave & George St,40.69812,-73.90271
2 Ave & E 55 St,40.757920208794026,-73.96638214588165
Clinton Ave & Flushing Ave,40.698044181,-73.969835401
Linden St & Knickerbocker Ave,40.697164655,-73.915656447
Crescent St & 35 Ave,40.7596276,-73.9321455
47 Ave & Skillman Ave,40.7437524099784,-73.94176483154297
Greene Ave & Nostrand Ave,40.6883337,-73.950916
Fulton St & Clermont Ave,40.68415748,-73.96922273
Wyckoff Ave & Gates Ave,40.699836731,-73.911606431
35 St & 34 Ave,40.7580583,-73.9242751
W 181 St & Riverside Dr,40.85168,-73.94186
49 St & 31 Ave,40.7581352,-73.909727454
E 98 St & Park Ave,40.78813,-73.95206
Steinway St & Ditmars Blvd,40.772717,-73.906127
Hancock St & Stuyvesant Ave,40.68454,-73.9322
Crescent St & 30 Ave,40.768692,-73.9249574
Hancock St & Bedford Ave,40.68216564,-73.95399026
Wadsworth Ave & W 179 St,40.848507166,-73.936093092
Adam Clayton Powell Blvd & W 141 St,40.819241,-73.941057
Putnam Ave & Ralph Ave,40.68705,-73.92338
3 St & Prospect Park West,40.668113589,-73.973483086
Sheridan Ave & E 172 St,40.840506792,-73.911449432
Calyer St & Guernsey St,40.72755807335852,-73.95505852997303
Soissons Landing,40.69231660719192,-74.01486575603485
Bushwick Ave & Forrest St,40.70076,-73.93641
Marcy Ave & Lafayette Ave,40.690224051,-73.947930098
Madison St & Cypress Ave,40.70068,-73.90742
24 St & 41 Ave,40.752403855,-73.939958811
N 11 St & Kent Ave,40.72248188638219,-73.95921930670738
E 78 St & 2 Ave,40.7727966,-73.95577801
Withers St & Kingsland Ave,40.71773,-73.94051
Frederick Douglass Blvd & W 112 St,40.801694,-73.957145
34 St & 4 Ave,40.655278,-74.003101
W 176 St & Montgomery Ave,40.849629,-73.919205
W 47 St & 6 Ave,40.758397,-73.98255
Knickerbocker Ave & Thames St,40.70539,-73.92976
37 Ave & 35 St,40.7531106,-73.9279917
Prospect Ave & Greenwood Ave,40.651602507,-73.975918889
48 St & 50 Ave,40.73737,-73.91803
Evergreen Ave & Noll St,40.70106,-73.93318
Queens Plaza North & Crescent St,40.75110165,-73.94073717
Windsor Pl & 8 Ave,40.660906,-73.983074
Henry St & W 9 St,40.6763744,-74.00324957
Pierrepont St & Monroe Pl,40.69535693320225,-73.99344027042389
65 St & Broadway,40.7493722738996,-73.89738768339157
E 103 St & Lexington Ave,40.7903051,-73.94755757
E 91 St & 2 Ave,40.78115276427916,-73.94963040947914
31 Ave & 30 St,40.7647,-73.9240312
Bergen St & 4 Ave,40.68256425759694,-73.9798977971077
E 85 St & York Ave,40.77536905,-73.94803392
Albany Ave & Fulton St,40.67984736,-73.938595176
W 92 St & Broadway,40.7921,-73.9739
Carlton Ave & Dean St,40.6809741,-73.9710097
Broadway & Madison St,40.68822,-73.91966
38 St & 30 Ave,40.764174520197685,-73.91583994030952
E 157 St & River Ave,40.825737,-73.927311
Myrtle Ave & Grove St,40.69905,-73.91516
Goble Pl & Macombs Rd,40.844075,-73.917256
Grand Concourse & E 167 St,40.834263,-73.917641
7 Ave & 41 St,40.647379,-74.000911
19 St & 24 Ave,40.777751565,-73.922371984
Jackson Ave & 46 Rd,40.74524768,-73.94733276
Valentine Ave & E 181 St,40.854150176,-73.899161935
Broadway & W 48 St,40.76017739537783,-73.98486793041229
Henry St & Bay St,40.6725058,-74.00494695
Madison St & Seneca Ave,40.70183,-73.90625
52 St & 1 Ave,40.649292,-74.020105
Morris Ave & E 142 St,40.814368963,-73.924992204
Frederick Douglass Blvd & W 145 St,40.823061,-73.941928
Beaver St & Fayette St,40.70099,-73.93921
Clinton St & Centre St,40.67434,-74.00194698
46 St & 25 Ave,40.765753,-73.90676
E 33 St & 1 Ave,40.743317723,-73.974568605
E 59 St & Madison Ave,40.76350532,-73.97109243
Fulton St & Utica Ave,40.679433346,-73.929953337
Irving Ave & DeKalb Ave,40.7027,-73.92095
Center Blvd & 51 Ave,40.74336608027021,-73.95960688591003
39 Ave & 45 St,40.74947822183477,-73.91826465725897
Morningside Dr & Amsterdam Ave,40.81028506306003,-73.95736455917358
Myrtle Ave & Marcy Ave,40.69539817,-73.94954908
Amsterdam Ave & W 82 St,40.785082817,-73.976774573
3 Ave & E 100 St,40.7877214,-73.94728331
E 115 St & Lexington Ave,40.797911,-73.9423
Washington Ave & Park Ave,40.69610226,-73.96751037
29 St & 5 Ave,40.65701592,-73.998446107
Carroll St & Bond St,40.6786115,-73.99037292
Morton St & Washington St,40.73115,-74.00887
E 93 St & 2 Ave,40.782454175279874,-73.9489196240902
E 201 St & Briggs Ave,40.871972084,-73.884789109
E 132 St & Madison Ave,40.810132384,-73.937075853
3 St & Hoyt St,40.6777287,-73.99364123
E 60 St & York Ave,40.759186745,-73.959219694
Menahan St & Onderdonk Ave,40.70553,-73.9096
Sterling Pl & 5 Ave,40.678970070475735,-73.97855266928671
E 55 St & 2 Ave,40.75797322,-73.96603308
E 106 St & 2 Ave,40.790416598,-73.941698074
11 Ave & W 27 St,40.751131535,-74.005271554
61 St & Queens Blvd,40.740936399,-73.902760386
Jay St & Tech Pl,40.695065,-73.987167
Bank St & Hudson St,40.736498833,-74.006269932
Kosciuszko St & Tompkins Ave,40.69128258,-73.9452416
Creston Ave & E 181 St,40.855047107,-73.902737379
Lenox Ave & W 140 St,40.817245,-73.938787
E 170 St & Sheridan Ave,40.838315,-73.912604
E 66 St & Madison Ave,40.76800889305947,-73.96845281124115
Broadway & W 122 St,40.8120562,-73.9612547
6 Ave & Broome St,40.72431,-74.00473
Central Park W & W 91 St,40.788676739,-73.966603994
Adam Clayton Powell Blvd & W 115 St,40.802535,-73.9532423
Prospect Park SW & Greenwood Ave,40.652563,-73.972573
Barclay St & Church St,40.71291224,-74.01020234
Nagle Ave & Ellwood St,40.860099435,-73.92850709
Lexington Ave & E 127 St,40.805726,-73.936322
Broadway & Whipple St,40.7016657,-73.9437303
48 Ave & 41 St,40.73985995699164,-73.92400324344635
Wyckoff St & Nevins St,40.683426,-73.984275
Bruckner Blvd & Bryant Ave,40.821897149,-73.888588071
Wakeman Pl & Ridge Blvd,40.639421,-74.026823
W 74 St & Columbus Ave,40.7785669,-73.97754961
44 Dr & Jackson Ave,40.74718234,-73.9432635
4 Ave & Shore Road Dr,40.636943817,-74.022243619
E 174 St & Walton Ave,40.844811,-73.912042
34th Ave & Vernon Blvd,40.76535380385866,-73.93986314535141
Broadway & W 53 St,40.76344058,-73.98268129
7 Ave & 62 St,40.63556,-74.01298
Roebling St & N 4 St,40.71469,-73.95739
34 Ave & 13 St,40.7638973,-73.936489224
Lexington Ave & E 29 St,40.74311555376486,-73.98215353488922
Botanical Sq & Webster Ave,40.86814,-73.88145
Old Broadway & W 133 St,40.81823647,-73.955288529
24 St & 38 Ave,40.756351829,-73.936457634
Stanhope St & Fairview Ave,40.710137844,-73.91107583
E 72 St & Park Ave,40.77118287540658,-73.96409422159195
Broadway & W 61 St,40.77003010255044,-73.9819684624672
W 106 St & Central Park West,40.7981856,-73.9605909006
Clermont Ave & Lafayette Ave,40.68764484,-73.96968902
Broadway & W 41 St,40.75526166,-73.987183094
Cherry St,40.71219906,-73.97948148
W 135 St & Lenox Terrace Pl,40.813619,-73.939336
Greenwood Ave & E 4 St,40.650716782,-73.977585435
Delancey St & Eldridge St,40.719404817,-73.991542935
W 111 St & 5 Ave,40.797517419,-73.949078083
W 59 St & 10 Ave,40.770513,-73.988038
Barrow St & Hudson St,40.73172428,-74.00674436
W 54 St & 11 Ave,40.768333,-73.992573
Crescent St & Ditmars Blvd,40.7787185,-73.9145645
W 25 St & 6 Ave,40.74395411,-73.99144871
5 Ave & E 93 St,40.7857851,-73.957481
14 St & 5 Ave,40.666413069,-73.989167929
Central Park W & W 97 St,40.79249519495111,-73.96417066463071
Mt Morris Park W & W 120 St,40.804038,-73.945925
Clark St & Henry St,40.697645783,-73.993463039
St Nicholas Ave & W 137 St,40.818477,-73.947568
Court St & Nelson St,40.676293731,-73.9988873
Ft. Hamilton Pkwy & E 2 St,40.648005,-73.979342
50 St & Barnett Ave,40.750097682094825,-73.91349703073502
Rivington St & Chrystie St,40.72110063,-73.9919254
Adam Clayton Powell Blvd & W 138 St,40.81695971032464,-73.9422959089279
Leonard St & Church St,40.717571,-74.005549
1 Ave & E 16 St,40.732107043,-73.981758952
Tiebout Ave & E Fordham Road,40.861738443,-73.894970417
Broadway & E 21 St,40.740159273,-73.989685655
Home St & Westchester Ave,40.827725649,-73.886838317
Nevins St & Schermerhorn St,40.68737247650719,-73.98176059126854
Frederick Douglass Blvd & W 115 St,40.8038654,-73.9559308
Grand St & Greene St,40.72170005235607,-74.00238141417502
Central Park W & W 103 St,40.795878649,-73.961584091
Lafayette Ave & Ft Greene Pl,40.68700231292619,-73.97664964199066
W 4 St & 7 Ave S,40.73401143,-74.00293877
Hamilton Pl & W 140 St,40.822756,-73.951346
63 St & 5 Ave,40.637711167,-74.017651558
Nostrand Ave & Myrtle Ave,40.69527008,-73.95238108
Bainbridge Ave & E 193 St,40.86389,-73.89246
E 141 St & St Ann's Ave,40.80864954,-73.916078448
7 St & 5 Ave,40.6704922,-73.98541675
Central Ave & Melrose St,40.701141953,-73.930422544
Amsterdam Ave & W 119 St,40.80863217506367,-73.95958609887202
Carroll St & 5 Ave,40.6751622,-73.9814832
62 St & 4 Ave,40.639835477,-74.019897699
2 Ave & E 104 St,40.7892105,-73.94370784
Forest Ave & Summerfield St,40.69922,-73.89795
57 St & 1 Ave,40.646377,-74.023087
Bridge St & Water St,40.70260179,-73.984730363
46 Ave & 5 St,40.74731,-73.95451
Central Ave & Flushing Ave,40.702831,-73.9333
Madison St & Forest Ave,40.705616474,-73.902547598
34 Ave & 38 St,40.756913,-73.921631
Fulton St & Waverly Ave,40.68323865460341,-73.96599590778351
Shore Blvd & Astoria Park,40.77977,-73.923162
76 St & 21 Ave,40.77028,-73.893675
2 Ave & E 99 St,40.7862586,-73.94552579
Walton Ave & E 171 St,40.8406955,-73.915151358
W 145 St & Amsterdam Ave,40.825244,-73.947257
E 147 St & Bergen Ave,40.814654589,-73.918368816
Knickerbocker Ave & George St,40.704373837,-73.92832910999999
Grand Concourse & E Mosholu Pkwy S,40.877959371,-73.884746671
King St & Varick St,40.727962613,-74.0050174
Clinton St & 4 Place,40.678351045,-74.000167847
E 135 St & St Ann's Ave,40.805074453,-73.918966889
W Tremont Ave & Matthewson Rd,40.853787184,-73.920943141
W 146 St & Broadway,40.826969,-73.949738
Harlem River Dr & W 155 St,40.830576658,-73.939930081
3 Ave & E 72 St,40.7699426,-73.96060712
Broadway & W 36 St,40.75097711,-73.98765428
E 11 St & 1 Ave,40.72953837,-73.98426726
Concourse Village East & E 158 St,40.823732,-73.919379
Boston Rd & E 167 St,40.828199,-73.903719
Milton St & Franklin St,40.72906,-73.95779
Riverside Blvd & W 67 St,40.777507027547976,-73.98888587951659
48 St & 5 Ave,40.646351,-74.009271
W 17 St & 7 Ave,40.74056423633952,-73.99852573871613
23 Rd & 31 St,40.773373485,-73.913754463
Avenue C & E 18 St,40.730563,-73.973984
Macon St & Nostrand Ave,40.6809833854,-73.9500479759
Grand Concourse & East Mount Eden Ave,40.84301,-73.91172
46 St & Queens Blvd,40.743703246,-73.918618798
Webster Ave & E 166 St,40.828975,-73.911259
8 St & Astoria Blvd,40.7725996921817,-73.93266275525093
Southern Blvd & Tiffany St,40.818185,-73.894143
50 St & Northern Blvd,40.753441,-73.912402
Union St & Bedford Ave,40.669234037,-73.955266833
Avenue D & E 10 St,40.72506551015475,-73.97515833377838
E 171 St & Webster Ave,40.838374376,-73.905721188
17 St & 5 Ave,40.663493,-73.991007
E 89 St & 3 Ave,40.7806284,-73.9521667
Cumberland St & Lafayette Ave,40.68753406,-73.97265183
Front St & Gold St,40.70224,-73.982578
Graham Ave & Withers St,40.717076778,-73.944941401
8 Ave & W 16 St,40.740983,-74.001702
11 Ave & W 59 St,40.77149671054441,-73.99046033620834
Central Park S & 6 Ave,40.76590936,-73.97634151
McKibbin St & Bogart St,40.706237,-73.933871
21 St & 31 Dr,40.7659,-73.930819
Vernon Blvd & 10 St,40.7671863,-73.9373554
Railroad Ave & Kay Ave,40.70514807698391,-73.97078096866608
E Fordham Rd & Webster Ave,40.861734152,-73.890984654
Westchester Ave & E 156 St,40.817802,-73.905203
Division Ave & Marcy Ave,40.70708701,-73.95796783
Tiebout Ave & E 184 St,40.858469367,-73.896279812
35 Ave & 37 St,40.7557327,-73.9236611
W 40 St & 5 Ave,40.752269,-73.982079
West End Ave & W 94 St,40.7941654,-73.974124
Graham Ave & Conselyea St,40.715143,-73.944507
6 Ave & 12 St,40.6663181,-73.9854617
Westchester Ave & Southern Blvd,40.824956,-73.891677
Grand Ave & W 181 St,40.856302,-73.907302
69 St & 43 Ave,40.74179,-73.89564
Marion Ave & Mosholu Pkwy,40.8704956,-73.8818756582
Court St & State St,40.6902375,-73.99203074
President St & 4 Ave,40.676757,-73.983262
E 68 St & Madison Ave,40.7691572,-73.96703464
Park Ave & Marcus Garvey Blvd,40.698594332,-73.941474438
Decatur Ave & Oliver Pl,40.867044091,-73.885887742
University Ave & W Burnside Ave,40.85501,-73.910751
50 St & 7 Ave,40.642547131,-74.006109834
University Ave & Brandt Pl,40.848358989,-73.918354273
31 St & Broadway,40.761584,-73.925921
Banker St & Meserole Ave,40.726181269,-73.956297874
Ryer Ave & E 182 St,40.8558,-73.89956
Wolcott St & Dwight St,40.6753274,-74.0100698
Grand Concourse & E 144 St,40.816627026,-73.928230882
White St & Johnson Ave,40.707174,-73.93581
Walker St & Baxter St,40.717411,-73.999573
27 Ave & 3 St,40.774851799,-73.934147835
Devoe St & Lorimer St,40.71335226222875,-73.9491033554077
Webster Ave & Ford St,40.855525255,-73.896157503
Grand Ave & Bergen St,40.677984357,-73.962313652
31 St & Thomson Ave,40.74469738,-73.93540375
59 St & 4 Ave,40.641269,-74.017651
72 St & 41 Ave,40.7448,-73.89377
W 26 St & 10 Ave,40.749717753,-74.002950346
W 43 St & 10 Ave,40.76009437,-73.99461843
Berry St & N 8 St,40.7190095,-73.95852515
34 St & 38 Ave,40.752443,-73.929737
Murray St & Greenwich St,40.71485150526252,-74.01122331619263
Motorgate,40.7639089,-73.9477213
W 95 St & Broadway,40.7937704,-73.971888
Greene Ave & Throop Ave,40.6894932,-73.942061
Lenox Ave & W 146 St,40.821111,-73.935971
E 44 St & 2 Ave,40.751592278,-73.971696734
Atlantic Ave & Fort Greene Pl,40.68382604,-73.97632328
Suffolk St & Stanton St,40.72066442,-73.98517977
Anthony Ave & E Tremont Ave,40.848867059,-73.903084993
W 34 St &\tHudson Blvd E,40.75516719072139,-74.00059908628464
W 30 St & 8 Ave,40.74965268472847,-73.9952078461647
24 Ave & 29 St,40.7729,-73.916142
30 Ave & 21 St,40.7703743,-73.9286078
Pitt St & Stanton St,40.71926081,-73.98178024
Dawson St & Intervale Ave,40.819999,-73.897263
Ditmars Blvd & 48 St,40.769219,-73.901001
Faile St & Garrison Ave,40.820641875,-73.888320327
Washington Ave & E 163 St,40.824008226,-73.91097331
48 St & Skillman Ave,40.74622874694195,-73.91616314649582
31 Ave & 14 St,40.7682,-73.9322662
Southpoint Park,40.753702,-73.958652
Bergen St & Smith St,40.6867443,-73.99063168
E 7 St & Ave C,40.72412944090093,-73.97901266813278
E 84 St & 1 Ave,40.775647163,-73.950496793
Carroll St & Smith St,40.680691481,-73.995011091
W 82 St & Central Park West,40.78275,-73.97137
9 St & 44 Rd,40.749724388,-73.952207923
St Mary's St & Jackson Ave,40.808917165,-73.910938859
Albee Square W & Fulton St,40.69068758614303,-73.98347854614258
Wilkins Ave & Crotona Park E,40.835234642,-73.895114779
E 167 St & Franklin Ave,40.829025984,-73.905286193
E 2 St & Avenue C,40.7208736,-73.98085795
Jerome Ave & W 195 St,40.86874,-73.89657
DeKalb Ave & Franklin Ave,40.69064807082943,-73.95746178925037
White St & Moore St,40.704468131,-73.935078979
St. Nicholas Ave & W 155 St,40.830663,-73.941323
E 158 St & Melrose Ave,40.822215,-73.914688
Graham Ave & Grand St,40.711863,-73.944024
Lexington Ave & Classon Ave,40.68676793,-73.95928168
Lenox Ave & W 115 St,40.8011939,-73.9500739
Bulova Ave & Brooklyn Queens Expressway W,40.762507,-73.902534
Bedford Ave & S 9 St,40.70853074,-73.96408963
Lewis Ave & Greene Ave,40.68995,-73.9365
W 37 St & Broadway,40.75227093837409,-73.98770570755005
55 St & 7 Ave,40.639698505,-74.009046316
Broadway & W 131 St,40.817555,-73.957163
36 St & Queens Blvd,40.74408,-73.92901
E 14 St & 1 Ave,40.731297612,-73.982907176
1 Pl & Clinton St,40.6809591,-73.99905709
Jerome Ave & Ogden Ave,40.829826355,-73.930987
Louis Nine Blvd & Intervale Ave,40.832040429,-73.892617106
Bradhurst Ave & W 148 St,40.825125,-73.941616
Central Park West & W 76 St,40.77896784,-73.97374737
28 St & 41 Ave,40.751047,-73.93797
Riverside Dr & W 104 St,40.8013434,-73.9711457439
E 47 St & 1 Ave,40.75206862,-73.96784384
Suydam St & St. Nicholas Ave,40.70636,-73.91945
47 Ave & 31 St,40.743,-73.93561
Madison St & Evergreen Ave,40.69122,-73.91693
Henry St & Middagh St,40.7003,-73.991581
W Tremont Ave & Montgomery Ave,40.85179019,-73.916424751
Ogden Ave & W 164 St,40.832762957,-73.929405808
College Ave & E 170 St,40.837576,-73.910489
Madison St & Clinton St,40.71269042,-73.98776323
Irving Ave & Harman St,40.70108,-73.9179
E 138 St & Grand Concourse,40.813295364,-73.930627704
West Broadway & Watts St,40.72303164,-74.003322601
Pearl St & Hanover Square,40.7047177,-74.00926027
Broad St & Bridge St,40.70365182,-74.01167797
Columbus Ave & W 103 St,40.7969347,-73.9643412291
Southern Blvd & E 175 St,40.839335,-73.886445
E 5 St & Avenue C,40.72299208,-73.97995466
Bedford Ave & Bergen St,40.676508069,-73.95286727
Pulaski St & Marcus Garvey Blvd,40.6933982,-73.939877
Center Blvd & 48 Ave,40.745251775,-73.95739305
Convent Ave & W 135 St,40.818215,-73.950988
W 140 St & Riverside Dr,40.823993921,-73.954572201
Sharon St & Olive St,40.71534162042448,-73.93865078687668
34 St & 35 Ave,40.7569332,-73.9262231
Stuyvesant Walk & 1 Av Loop,40.732339777151054,-73.97898383438587
39 St & 50 Ave,40.73824937345944,-73.92737478017807
W 20 St & 10 Ave,40.745686,-74.005141
Church St & Worth St,40.71688538495366,-74.00650128722191
W 54 St & 9 Ave,40.76583457,-73.98691833
Isham St & Broadway,40.867723227,-73.91957283
Audobon Ave & W 179 St,40.847329855,-73.9332335
N 6 St & Bedford Ave,40.71745169,-73.95850939
River Ave & E 151 St,40.822217,-73.928939
Union Ave & E 169 St,40.82995,-73.898802
Schermerhorn St & Court St,40.69102925677968,-73.99183362722397
Monroe St & Marcus Garvey Blvd,40.686722,-73.938988
Willis Ave & E 143 St,40.812420964,-73.920266509
Charlotte St & Boston Rd,40.836040258,-73.893128157
E 19 St & 3 Ave,40.736167908,-73.984810829
43 St & 50 Ave,40.73787237950538,-73.92264068126678
Riverside Dr & Broadway,40.865525246,-73.928023338
Bialystoker Pl & Delancey St,40.716133475,-73.982613444
Skillman Ave & 54 St,40.745502,-73.909887
Fairview Ave & Linden St,40.706894755,-73.906039238
Columbia St & Rivington St,40.71739973,-73.98016555
Seneca Ave & Irvine St,40.81872569990116,-73.88862490653992
Richardson St & N Henry St,40.71907891179564,-73.94223690032959
5 Ave & 66 St,40.635679,-74.020005
Broadway & W 138 St,40.821760774,-73.95353651
Greenwich St & Rector St,40.70806582380646,-74.0135595202446
39 Ave & 56 St,40.74838,-73.90699
Prospect Park SW & Vanderbilt St,40.65482,-73.973217
Jerome Ave & W Fordham Rd,40.863227367,-73.900995135
Carlton Ave & Park Ave,40.69580705,-73.97355569
Sullivan Pl & Franklin Ave,40.66407983678161,-73.96025128666679
W 165 St & Fort Washington Ave,40.84004,-73.942939
Boston Rd & Prospect Ave,40.833263993,-73.896624684
Hunts Point Ave & Bryant Ave,40.814118624,-73.88566041
Broadway & W 160 St,40.835775,-73.9434
Rogers Pl & E 165 St,40.823922753,-73.897380948
Weeks Ave & E 175 St,40.846879,-73.907342
Menahan St & Central Ave,40.695421457,-73.919568777
E 156 St & Courtlandt Ave,40.82123860172,-73.9173299074173
Bronx Shore Comfort Station,40.80046,-73.92404
Willoughby St & Ashland Pl,40.691788316,-73.978646517
Prospect Ave & Jennings St,40.831762,-73.896853
35 St & 23 Ave,40.772988439,-73.911235809
Lenox Ave & W 133 St,40.81296,-73.941878
10 Ave & W 207 St,40.864647508,-73.918588996
Walton Ave & E 183 St,40.858472,-73.90266
Kingston Ave & Herkimer St,40.67890679,-73.94142771
Newtown Ave & 23 St,40.7713615,-73.9246145
E Tremont Ave & Jerome Ave,40.851747,-73.908964
Jerome Ave & Bedford Park Blvd E,40.87307,-73.88971
5 Ave & W 131 St,40.81014,-73.93973
Central Ave & Weirfield St,40.69055,-73.91181
44 St & 48 Ave,40.73941387498411,-73.92131969332695
Underhill Ave & Pacific St,40.6804836,-73.9646795
McDonald Ave & Vanderbilt St,40.651654,-73.981231
Metropolitan Ave & Vandervoort Ave,40.714293242,-73.933174849
Lewis Ave & Decatur St,40.6814598,-73.934903
37 St & 24 Ave,40.7701477,-73.9120938
Clermont Ave & Park Ave,40.69573398,-73.97129668
Jefferson Ave & Evergreen Ave,40.68989,-73.91458
Broadway & W 153 St,40.831327,-73.946665
E 161 St & River Ave,40.827883,-73.927111
W Tremont Ave & Grand Ave,40.850113392,-73.912697911
Watts St & Greenwich St,40.724160552,-74.009682894
W 168th S & Fort Washington Ave,40.842038155,-73.94205451
Parade Pl & Crooke Ave,40.651847,-73.965248
3 Ave & E 71 St,40.76873687,-73.96119945
Van Sinderen Ave & Truxton St,40.678594947,-73.903682828
Pacific St & Classon Ave,40.6791944,-73.9587903
Grove St & Broadway,40.69047,-73.923511
Lincoln Ave & E 138 St,40.810893,-73.927311
Maiden Ln & Pearl St,40.70706456,-74.00731853
Grand Concourse & E 196 St,40.86767,-73.89286
Allen St & Stanton St,40.722055,-73.989111
East End Ave & E 86 St,40.77518615,-73.94446054
Lexington Ave & E 120 St,40.8013066,-73.9398167
Stephen St & Seneca Ave,40.698884249,-73.900665879
Vernon Blvd & 50 Ave,40.74232744,-73.95411749
W 163 St & Riverside Dr,40.839278,-73.945446
35 St & 21 Ave,40.776745,-73.906558
W 34 St & Hudson Blvd E,40.75516719072139,-74.00059908628464
36 Ave & 10 St,40.7614376,-73.9411265
Amsterdam Ave & W 152 St,40.829523,-73.944279
Columbia St & Lorraine St,40.674706,-74.007557
Ditmars Blvd & 76 St,40.768442,-73.893531
Sedgwick Ave & W Burnside Ave,40.854947,-73.916661
10 Ave & W 215 St,40.86932465640094,-73.91519755125046
31 Ave & Crescent St,40.7658346,-73.9265474
3 Ave & Wakeman Pl,40.638246,-74.024714
Featherbed Ln & Jerome Ave,40.845572233,-73.914367199
Willis Ave & E 137 St,40.808384,-73.923604
20 Ave & 48 St,40.772899,-73.896849
Chauncey St & Stuyvesant Ave,40.68012,-73.93168
Montgomery St & Franklin Ave,40.666439306870814,-73.9605563879013
9 Ave & W 204 St,40.86169883507865,-73.91855701804161
6 St & 7 Ave,40.6686627,-73.97988067
Ocean Pkwy & Church Ave,40.644686937,-73.974587083
E 115 St & Madison Ave,40.7989445,-73.944846
E 123 St & Lexington Ave,40.802879453,-73.937855005
Pier 40 - Hudson River Park,40.7277140777778,-74.01129573583603
E 106 St & Lexington Ave,40.791976,-73.945993
5 Ave & E 135 St,40.812191,-73.937838
Cabrini Blvd & W 177 St,40.848322749,-73.941366076
W 147 St & Adam Clayton Powell Blvd,40.82281,-73.937413
Jerome Ave & W 193 St,40.86659,-73.89794
Cauldwell Ave & E 158 St,40.819814444,-73.908361673
E 138 St & Cypress Ave,40.805529237,-73.914736867
River Ave & E 153 St,40.824396014,-73.928110123
57 St & 4 Ave,40.642657995,-74.016921639
Prospect Ave & E 167 St,40.826303,-73.898751
E 128 St & Madison Ave,40.80756,-73.939182
E 133 St & Cypress Pl,40.80262,-73.9174
Brook Ave & E 157 St,40.820797682,-73.911745071
Park Pl & Church St,40.71334184275907,-74.00935515761375
Riverside Dr & W 153 St,40.83193624,-73.949705601
44 St & 3 Ave,40.651173,-74.011405
Melrose Ave & E 154 St,40.819609,-73.916071
W 155 St & Frederick Douglass Blvd,40.82923,-73.936996
Bainbridge Ave & E 198 St,40.868410587,-73.888592005
St Johns Pl & Washington Ave,40.673890948,-73.963389397
Flatbush Ave & Eastern Pkwy,40.668757,-73.966438
Academy St & Nagle Ave,40.862562,-73.922661
Catherine St & Monroe St,40.71117444,-73.99682619
E 156 & Brook Ave,40.819823,-73.912411
S Portland Ave & Hanson Pl,40.685408473,-73.974336863
Hoyt St & Warren St,40.6843549,-73.98901629
Longfellow Ave & E 165 St,40.825322,-73.887729
Keegan Rd & 2 Ave,40.642558694,-74.025644898
Richards St & Delavan St,40.679447412,-74.007885933
E 8 St & Caton Ave,40.648055,-73.972432
Sherman Ave & E 166 St,40.83130549267296,-73.91744792461395
Metropolitan Ave & Stewart Ave,40.714079499,-73.927943587
Nelson Ave & W 172 St,40.843955398,-73.921128035
Degraw St & Smith St,40.6829151,-73.99318208
River Ave & McClellan St,40.83406,-73.92243
Amsterdam Ave & W 162 St,40.83618,-73.939789
Brook Ave & E 138 St,40.807408,-73.91924
Tompkins Ave & Hopkins St,40.69957608,-73.94708417
Norman St & Wyckoff Ave,40.69517,-73.90311
W 204 St & Nagle Ave,40.863371849,-73.920714617
Willoughby Ave & Onderdonk Ave,40.7098,-73.91727
Malcolm X Blvd & DeKalb Ave,40.693834066,-73.931162596
South St & Broad St,40.70188858913366,-74.01089876890182
Gerard Ave & E 164 St,40.83012867,-73.923460603
Adam Clayton Powell Blvd & W 126 St,40.80949534777948,-73.94776493310928
Grand Army Plaza & Plaza St West,40.6729679,-73.97087984
Lenox Ave & W 117 St,40.802542567,-73.949127793
3 St & 7 Ave,40.6703837,-73.97839676
3 Ave & Franklin Ave,40.827062368,-73.907390475
Lenox Ave & W 130 St,40.8107922,-73.9430681
Fulton St & Adams St,40.69241829257847,-73.98949474096298
Brook Ave & E 141 St,40.80962348,-73.917891026
W 211 St & 10 Ave,40.86709406268147,-73.9172950387001
Degraw St & Hoyt St,40.681973338,-73.990773797
Mercer St & Bleecker St,40.72706363348306,-73.99662137031554
40 Ave & 9 St,40.75742,-73.945133
Centre St & Seneca Ave,40.699675918,-73.902023435
Seaman Ave & Isham St,40.86989866194045,-73.92076313495636
Madison Av & E 51 St,40.75863,-73.97513
Laight St & Hudson St,40.721883297,-74.007769585
Bridge St & York St,40.70133448066992,-73.98471236228943
Forsyth St & Grand St,40.71779817737835,-73.99316132068634
Prospect Park SW & 16 St,40.657265,-73.974165
McKibbin St & Manhattan Ave,40.70510918,-73.94407279
Broadway & Moylan Pl,40.814388752,-73.959052086
21 St & Hoyt Ave S,40.774645,-73.923706
Myrtle Ave & Linden St,40.699440956,-73.913068295
3 Ave & E 112 St,40.795508,-73.941606
1 Ave & E 78 St,40.77140426,-73.9535166
Greene St & Prince St,40.72511734422387,-73.99930492043495
Greene Av & Myrtle Av,40.698568,-73.918877
7 Ave & 20 St,40.659053,-73.98854
Gerard Ave & McClellan St,40.833909,-73.92112
Hudson Blvd E & W 36 St,40.75630628938069,-73.99951145061095
Jerome Ave & W 184 St,40.860814,-73.902541
W 218 St & Broadway,40.87139,-73.914318
7 Ave & 17 St,40.6609056,-73.986852288
E 2 St & Avenue B,40.72217444,-73.98368779
S 5 Pl & S 5 St,40.710451,-73.960876
Wythe Ave & Metropolitan Ave,40.716887,-73.963198
Kingsland Ave & Nassau Ave,40.72577,-73.94173
Graham Ave & Herbert St,40.71929301,-73.94500379
Morgan Ave & Lombardy St,40.72226,-73.93889
Skillman Ave & 43 Ave,40.74653761978055,-73.93215849995613
45 Rd & 11 St,40.74708586,-73.94977234
Stewart Ave & Johnson Ave,40.708735585,-73.925655127
Bradley Ave & Greenpoint Ave,40.73565914819229,-73.93478840589523
Mount Eden Pkwy & Eastburn Ave,40.842675,-73.908544
Woodside Ave & 60 St,40.74523592,-73.904643893
38 St & Northern Blvd,40.752372,-73.925384
Onderdonk Ave & Dekalb Ave,40.708713293,-73.915032864
Madison St & Montgomery St,40.713126,-73.984844
Grand Concourse & E 175 St,40.846130967,-73.909293652
21 Ave & 80 St,40.770885229,-73.88986814
Goulden Ave & W 205 St,40.878250718,-73.891895294
10 Ave & W 204 St,40.862638,-73.92006
Riverside Dr & W 78 St,40.78414472,-73.98362492
Grand Concourse & E 171 St,40.839549,-73.913004
Gerard Ave & E 165 St,40.831810117,-73.922316313
E 167 St & Clay Ave,40.83094,-73.91125
Moffat St & Bushwick,40.684688687,-73.909201384
Sedgwick Ave & Hall of Fame Tce,40.859494328,-73.913368583
2 Ave & 39 St,40.655722167971554,-74.01000827550888
Water St &  Fletcher St,40.706410755236135,-74.00559738278389
Prospect Park SW & 10 Ave,40.659945,-73.977504
Grand Concourse & E 203 St,40.87382,-73.88661
Grand Concourse & E 199 St,40.871465087,-73.888364315
Rivington St & Ridge St,40.71850211,-73.98329859
E 149 St & Jackson Ave,40.813177586,-73.909429789
Macombs Rd & Featherbed Ln,40.845724106,-73.917312622
DeKalb Ave & S Portland Ave,40.68981035,-73.97493121
Clinton St & Tillary St,40.69623297129316,-73.99142056703568
Irving Ave & Halsey St,40.69467,-73.90663
28 St & 36 Ave,40.757186,-73.932719
E 165 St & Clay Ave,40.82809,-73.91288
Edgecombe Ave & W 167 St,40.838356614,-73.935985446
Gerard Ave & E 146 St,40.817755,-73.92965
West Farms Rd & Boone Ave,40.8301283948092,-73.88630211353302
Driggs Ave & N 9 St,40.71816969454208,-73.95520135760307
2 Av & 37 St,40.656316519,-74.009660363
Anderson Ave & W 164 St,40.83202517,-73.927325606
Park Ave & St Edwards St,40.69608941,-73.97803415
Webb Ave & W 190 St,40.8660052,-73.904254892
Irving Ave & Palmetto St,40.698083997,-73.912702084
Longwood Ave & Southern Blvd,40.816343,-73.896447
St. Nicholas Ave & W 157 St,40.832314,-73.94102
42 St & 1 Ave,40.654733181,-74.014224648
W 171 St & St. Nicholas Ave,40.842957497,-73.93877542
34 Ave & 21 St,40.7628138,-73.9342862
Cedar St & Evergreen Ave,40.696744204,-73.928033352
Woodside Ave & 69 St,40.7428,-73.89584
Townsend Ave & E 175 St,40.84741,-73.911359
Cypress Ave & Palmetto St,40.70157340873792,-73.90876293182373
10 Ave & W 202 St,40.861220479,-73.921449423
Sunken Meadow Comfort Station,40.79558,-73.91906
27 Ave & 9 St,40.7739825,-73.9309134
Sedgwick Ave & W Tremont Ave,40.853020668,-73.918424964
51 St & Hobart St,40.75767234025041,-73.90769943594933
Vernon Blvd & 47 Rd,40.7449067,-73.9534573
Broadway & Ellwood St,40.862058,-73.929719
W 34 St &	Hudson Blvd E,40.755167,-74.000599
Greenpoint Ave & 47 St,40.7424,-73.91808
Putnam Ave & Wyckoff Ave,40.69811,-73.90904
E 163 St & Union Ave,40.822529793,-73.901782632
E 169 St & Fox St,40.827126622,-73.893612266
St Ann's Ave & Westchester Ave,40.815880537,-73.911967516
Clay Ave & E 173 St,40.843264,-73.904867
40 St & Queens Blvd,40.743540273428685,-73.92435193061829
33 St & 47 Ave,40.74283,-73.9321
43 Ave & 42 St,40.745453358,-73.921917915
1 Ave & E 94 St,40.781715155,-73.945863962
E 58 St & Madison Ave,40.76302594280519,-73.97209525108337
Anthony Ave & E 175 St,40.846363068,-73.903746843
W 180 St & Ft Washington Ave,40.849977374,-73.938099623
39 Ave & 54 St,40.74891,-73.90899
2 Ave & 32 St,40.659176,-74.006584
Spruce St & Gold St,40.7103231,-74.0043228
Morgan Loading Docks,40.709572792,-73.931514621
Frost St & Meeker Ave,40.71766197083994,-73.94880026578903
41 Ave & 67 St,40.74446,-73.89764
53 St & Roosevelt Ave,40.74462,-73.91143
41 St & 3 Ave,40.652512,-74.008906
Newton Rd & 44 St,40.759576797,-73.914357305
18 St & 27 Ave,40.772768286288304,-73.92743647098541
E 75 St & 3 Ave,40.771142244,-73.957679868
Halsey St & Evergreen Ave,40.68858,-73.91227
E 160 St & Tinton Ave,40.820216417,-73.903863907
Putnam Ave & Throop Ave,40.685112953,-73.941184759
30 St & 48 Ave,40.7413272,-73.937999
30 St & 4 Ave,40.657743,-74.001141
Morgan Ave & Maspeth Ave,40.716657,-73.93637
Woodside Ave & 55 St,40.74679,-73.90893
Irving Ave & Jefferson St,40.705403686,-73.92543149
Coffey St & Ferris St,40.67818387977647,-74.0170168876648
35 St & 30 Ave,40.76547569244953,-73.91811579465866
5 Ave & E 63 St,40.766368,-73.971518
Putnam Ave & Nostrand Ave,40.684097409,-73.949890733
E 118 St & Park Ave,40.800471663,-73.941915512
E Burnside Ave & Ryer Ave,40.850528359,-73.901298642
Pleasant Ave & E 116 St,40.7949879,-73.9333349
W 46 St & 11 Ave,40.76341379,-73.99667444
Popham Ave & W 174 St,40.84759748,-73.9221946
Huron St & Franklin St,40.732572913,-73.95824194
Intervale Ave & Westchester Ave,40.821937203,-73.896758914
Carlton Ave & St Marks Ave,40.678934097,-73.971869111
Calyer St & Jewel St,40.729720712,-73.948666573
Central Ave & Woodbine St,40.69296,-73.91605
48 Ave & 37 St,40.74034668087185,-73.92886072397232
28 Ave & 35 St,40.7671,-73.9169858
Carroll St & Washington Ave,40.6686744,-73.9618148
Amsterdam Ave & W 180 St,40.847455025,-73.931254625
Walnut Ave & E 136 St,40.801657,-73.909513
Amsterdam Ave & W 156 St,40.832081,-73.942386
Broadway & Hancock St,40.68663,-73.9168
Prospect Ave & Longwood Ave,40.818837047,-73.902218699
Amsterdam Ave & W 189 St,40.85318758861975,-73.92715752124786
E 141 St & Jackson Ave,40.806970119,-73.911869764
Crotona Park East & E 173 St,40.837037,-73.890413
W 160 St & St. Nicholas Ave,40.834464192,-73.939907432
39 St & 47 Ave,40.74215636827728,-73.92662644386292
Flushing Ave & Woodward Ave,40.71246,-73.91873
Cauldwell Ave & E 161 St,40.821828842,-73.907525301
Skillman Ave & Honeywell St,40.7471482490328,-73.92902433872223
E 116 St & 2 Ave,40.796986222,-73.937141299
48 St & 2 Ave,40.650090218,-74.015510798
Morris Ave & E 184 St,40.86008,-73.90079
Division Ave & Hooper St,40.70684203101325,-73.9544353965357
7 Ave & 22 St,40.658029,-73.989605
Broadway & W 165 St,40.839137,-73.941409
Amsterdam Ave & W 183 St,40.84925,-73.93022
W Fordham Rd & Loring Pl N,40.862827778,-73.907159209
Paul Ave & Mosholu Pkwy,40.8802945,-73.8860653648
Steinway St & 19 Ave,40.77817595,-73.899564981
35 St & Broadway,40.760339,-73.9222427
Steinway St & Broadway,40.75905795418586,-73.91897544264793
49 St & 25 Ave,40.764496,-73.904632
46 St & 7 Ave,40.644743,-74.003754
E 128 St & 3 Ave,40.805650711,-73.934027433
Clinton St & Union St,40.6831164,-73.99785267
Henry St & Remsen St,40.69400964865994,-73.99465128779411
Crescent St & 34 Ave,40.76108,-73.930562
Shakespeare Ave & W 169 St,40.839312,-73.922423
57 St & 43 Ave,40.74324,-73.908
47 St & 3 Ave,40.649143,-74.012384
10 St & 2 Ave,40.671907,-73.993612
65 St & Roosevelt Ave,40.74589,-73.89915
Van Brunt St & Wolcott St,40.6773429,-74.01275056
Wilson Ave & Moffat St,40.68906,-73.90506
Sullivan Pl & Bedford Ave,40.6642406,-73.9574686
Park Pl & Franklin Ave,40.6741806,-73.9564947
Lafayette Ave & Hunts Point Ave,40.816567,-73.888161
37 Ave & 63 St,40.748949885,-73.899890304
34 St & 5 Ave,40.654098,-74.001131
Carroll St & Franklin Ave,40.6679411,-73.9588
Southern Blvd & Avenue St. John,40.812699199,-73.90174973
34 St & 48 Ave,40.740790725,-73.931529403
Halsey St & Ralph Ave,40.684915662,-73.922751307
Bainbridge Ave & E 196 St,40.866463184,-73.890546322
E 165 St & Jerome Ave,40.83263,-73.925101
Dyckman St & 10 Ave,40.858865976,-73.923086882
Onderdonk Ave & Gates Ave,40.70413,-73.90737
E 3 St & Church Ave,40.643871546,-73.977452755
Barry St & Tiffany St,40.816126,-73.891559
W 133 St & 12 Ave,40.819993377,-73.959190965
Walton Ave & E 168 St,40.836709142,-73.918329835
W 116 St & Amsterdam Ave,40.8067581,-73.9607082
W 100 St & Broadway,40.7973721,-73.97041192
W 63 St & Broadway,40.771661282,-73.982690096
Lewis Ave & Kosciuszko St,40.69237074,-73.93705428
W Burnside Ave & University Ave,40.853686,-73.912498
Verona Pl & Fulton St,40.6803560840434,-73.9476791024208
Icahn Stadium,40.79346,-73.92389
Crotona Park North & Prospect Ave,40.841203809,-73.892455101
53 St & 5 Ave,40.643304706,-74.011746883
Prospect Ave & Vanderbilt St,40.653368,-73.976291
Menahan St & Seneca Ave,40.70461,-73.91054
W 190 St & Broadway,40.856468678,-73.932925344
Engert Ave & McGuinness Blvd,40.72158,-73.94546
61 St & 39 Ave,40.7471,-73.9028
Audubon Ave & Fort George Ave,40.857164621,-73.927220106
Sherman Ave & Thayer St,40.86308825,-73.92708993
E 153 St & E 157 St,40.82660675,-73.929278016
31 Ave & 57 St,40.757310629,-73.904597759
Pioneer St & Richards St,40.677779913,-74.009406686
44 St & Greenpoint Ave,40.741119944681465,-73.92103672027588
Lorimer St & Broadway,40.70411791,-73.94818595
23 St & 3 Ave,40.662507534,-73.998489618
Edgecombe Ave & W 141 St,40.820681,-73.945144
W 30 St & 10 Ave,40.752719402,-74.002572894
Avenue D & E 3 St,40.72082834,-73.97793172
5 Av & W 139 St,40.815484,-73.935856
Montague St & Clinton St,40.6942715,-73.9923272
E 170 St & Webster Ave,40.83617913677475,-73.90730146322765
43 Ave & 47 St,40.7448062877224,-73.91728967428207
E 76 St & Park Ave,40.773763,-73.96222088
Sands St Gate,40.699569,-73.979827
Ditmars Blvd & 43 St,40.771203,-73.903865
Westchester Ave & Jackson Ave,40.816124,-73.908116
Hazen St & 20 Ave,40.772092,-73.895166
Prospect Ave & E 151 St,40.814303756,-73.903860927
5 Ave & 37 St,40.652657,-74.002356
E 165 St & Fox St,40.82394,-73.894025
Nassau St & Duffield St,40.698477,-73.98384
41 St & 4 Ave,40.651354,-74.007168
University Ave & Macombs Rd,40.849715352,-73.916129947
E 35 St & Madison Ave,40.74848023448579,-73.98255586624146
W 192 St & University Ave,40.866899,-73.901942
Patchen Ave & Bainbridge St,40.68143,-73.92565
Bergen Ave & E 152 St,40.817264318,-73.914810538
Bushwick Ave & Stagg St,40.709897,-73.94008
16th St & 4th Ave,40.666197,-73.992466
Davidson Ave & W Burnside Ave,40.853636622,-73.908745289
Bailey Ave & Sedgwick Ave,40.86571,-73.90857
44 St & 2 Ave,40.652502,-74.013587
W 163 St & Edgecombe Ave,40.835798,-73.937496
Hancock St & Malcolm X Blvd,40.68487,-73.9293
Jerome Ave & E Mosholu Parkway S,40.87949276,-73.88520503
Jerome Ave & E 181 St,40.855567336,-73.905528665
Brook Ave & E 148 St,40.81437552,-73.915350199
50 St & 30 Ave,40.760178328,-73.907156467
Murray St & West St,40.71503,-74.01246
Chester Ave & 12 Ave,40.644367,-73.984276
Bedford Park Blvd & Paul Ave,40.874633074,-73.892037749
Dyckman St & Henshaw St,40.867357,-73.92936
Andrews Ave S & W 179 St,40.85514462,-73.912796259
Goulden Ave & Bedford Park Blvd W,40.87387,-73.89533
E 167 St & Bryant Ave,40.826706,-73.888719
Willow Ave & E 133 St,40.800933,-73.913863
Southern Blvd & E 172 St,40.834146261,-73.88951993
57 St & 37 Ave,40.75048,-73.90513
W Mosholu Pkwy S & Sedgwick Ave,40.88226,-73.88702
E 182 St & Morris Ave,40.85670801831255,-73.90265285968779
Hoe Ave & Jennings St,40.832171,-73.889686
W 225 St & Exterior St,40.873197198,-73.906548738
5 St & 51 Ave,40.7423737,-73.9566
E 134 St & Walnut Ave,40.800592661,-73.911056638
19 St & 8 Ave,40.658489,-73.985543
Caton Ave & E 7 St,40.647628307,-73.973773122
62 St & 34 Ave,40.75201,-73.89986
36 St & Hunters Point Ave,40.737866282,-73.930199862
Ogden Ave & Merriam Ave,40.838969231,-73.926117897
20 Ave & 21 St,40.783929467,-73.912248969
Grand Concourse & E 161 St,40.82713380423556,-73.9227358996868
Broadway & W 220 St,40.872412,-73.912807
Edgecombe Ave & W 150 St,40.826881,-73.941427
Inwood Ave & W 170 St,40.840536,-73.919228
43 St & 23 Ave,40.769673,-73.906018
Borden Ave & Review Ave,40.73866345465306,-73.94093804061413
4 Ave & 17 St,40.665507,-73.993037
58 St & 32 Ave,40.75574,-73.903427
Freeman St & Reverend James A Polite Ave,40.830529,-73.894717
Ft. Washington Ave & W 190 St,40.856966972,-73.935655355
Bailey Ave & W 193 St,40.870777607,-73.906741142
65 St & 35 Ave,40.750640392,-73.897712708
E Mosholu Pkwy & Van Cortlandt Ave E,40.876269221,-73.883624554
Broadway & 49 St,40.755389,-73.911517
Nagle Ave & Thayer St,40.861440778,-73.925523758
Columbia St & W 9 St,40.6769993,-74.00647134
Woodside Ave & Roosevelt Ave,40.745500088,-73.906156301
W 186 St & St. Nicholas Ave,40.852360845,-73.931193233
52 St & 6 Ave,40.642703,-74.009441
6 Ave & 55 St,40.640831,-74.010996
Grand Concourse & E 197 St,40.869509101,-73.891459942
Morris Ave & McClellan St,40.831576824,-73.914959073
65 Pl & Woodside Ave,40.74334,-73.89903
20 Ave & 42 St,40.775415,-73.900063
Intervale Ave & Kelly St,40.827301,-73.896372
5 Ave & 41 St,40.649983,-74.005144
43 St & 37 Ave,40.750181,-73.919998
Nassau St\t& Duffield St,40.698477,-73.98384
Thomas S. Boyland St & Macon St,40.68491,-73.91493
Fulton Ave & St. Paul's Pl,40.835441709,-73.901552677
44 St & 6 Ave,40.647105,-74.004483
Picnic Point,40.68512559515415,-74.02535319328308
Andrew Ave N & Hall of Fame Tce,40.85848403,-73.909923792
Monroe St & Patchen Ave,40.688131928,-73.926908612
Garrison Ave & Manida St,40.818743,-73.890247
60 St & 37 Ave,40.74958,-73.90256
E 174 St & Longfellow Ave,40.836241484,-73.884356976
6 Ave & 60 St,40.638196,-74.013821
64 St & 3 Ave,40.639896989,-74.023529649
Grand Concourse & E 205 St,40.875528932,-73.886346579
Amsterdam Ave & W 175 St,40.844044,-73.933651
Amsterdam Ave & W 167 St,40.839443,-73.937044
Washington Ave & E 174 St,40.843204141,-73.900210738
Ogden Ave & W 165 St,40.834509015,-73.928415298
Fulton St & Saratoga Ave,40.67853,-73.91642
Van Sinderen Ave & Atlantic Ave,40.67621,-73.90351
E 155 St & Courtlandt Ave,40.82057,-73.917579
Chauncey St & Howard Ave,40.68158,-73.91959
Murray St	& West St,40.71503,-74.01246
Sumpter St & Fulton St,40.67923,-73.92588
Morris Ave & E 171 St,40.83899,-73.9109
Yankee Ferry Terminal,40.68706579875912,-74.01675585121666
67 St & Erik Pl,40.633385,-74.016562
Buchanan Pl & Grand Ave,40.858388543,-73.906558275
Frederick Douglass Blvd & W 139 St,40.81900581806558,-73.94476890563965
Willoughby St & Fleet St,40.69196566,-73.9813018
W 218 St & Indian Rd,40.873057961,-73.918190002
12 Ave & 36 St,40.643546,-73.986418
Loring Pl North & W 183 St,40.860488534,-73.909199119
Morris Ave & E Burnside Ave,40.85322,-73.90546
Somers St & Broadway,40.679434061,-73.904692292
Nelson Ave & 167 St,40.83670566862804,-73.92608866095543
Aqueduct Ave & North St,40.860446811,-73.905845881
31 Ave & 34 St,40.763049364,-73.92067039
9 Ave & W 219 St,40.871131659,-73.911443591
River Ter & Warren St,40.71759894980997,-74.01587963104248
Jerome Ave & E 198 St,40.87144520687118,-73.89289632439613
Audubon Ave & W 192 St,40.85589030603889,-73.92708241939545
Somers St & Rockaway Ave,40.678738832,-73.911097169
Prospect Park W & 20 St,40.656633,-73.983864
Harman St & Seneca Ave,40.705718637,-73.912850618
23 Ave & 27 St,40.776165,-73.9153175
Decatur Ave & E 197 St,40.865741968,-73.887741446
Forsyth St	& Grand St,40.717798,-73.993161
54 St & 37 Ave,40.75098,-73.90799
Jerome Ave & W 177 St,40.850121,-73.910765
Humboldt St & Varet St,40.7031724,-73.940636
51 St & Queens Blvd,40.7429,-73.91395
Jerome Ave & Anderson Ave,40.830179,-73.928747
Woodward Ave & Harman St,40.707888007,-73.910997987
30 Ave & 12 St,40.77171710520828,-73.93159255385399
62 St & 43 Ave,40.742636561,-73.902852058
Thomas S. Boyland St & Marion St,40.6814658848122,-73.91415685415268
Southern Blvd & E 142 St,40.807249665,-73.908053279
Nassau St	& Duffield St,40.698477,-73.98384
W 204 St & Vermilyea Ave,40.866141,-73.922648
65 St & 2 Ave,40.640420675,-74.025562882
,40.68,-73.97
Morgan WH station,40.709640861,-73.931533337
Lab - NYC,40.75404038449624,-73.99646580219269
Vernon Blvd & 41 Rd,40.755243,-73.948568
Schermerhorn St and Court St,40.69102925677968,-73.99183362722397
